-- --------------------------------------------------------
-- Host:                         127.0.0.1
-- Server version:               9.3.0 - Source distribution
-- Server OS:                    Linux
-- HeidiSQL Version:             12.11.0.7065
-- --------------------------------------------------------

/*!40101 SET @OLD_CHARACTER_SET_CLIENT=@@CHARACTER_SET_CLIENT */;
/*!40101 SET NAMES utf8 */;
/*!50503 SET NAMES utf8mb4 */;
/*!40103 SET @OLD_TIME_ZONE=@@TIME_ZONE */;
/*!40103 SET TIME_ZONE='+00:00' */;
/*!40014 SET @OLD_FOREIGN_KEY_CHECKS=@@FOREIGN_KEY_CHECKS, FOREIGN_KEY_CHECKS=0 */;
/*!40101 SET @OLD_SQL_MODE=@@SQL_MODE, SQL_MODE='NO_AUTO_VALUE_ON_ZERO' */;
/*!40111 SET @OLD_SQL_NOTES=@@SQL_NOTES, SQL_NOTES=0 */;


-- Dumping database structure for lg
CREATE DATABASE IF NOT EXISTS `lg` /*!40100 DEFAULT CHARACTER SET utf8mb4 COLLATE utf8mb4_0900_ai_ci */ /*!80016 DEFAULT ENCRYPTION='N' */;
USE `lg`;

-- Dumping structure for table lg.branches
CREATE TABLE IF NOT EXISTS `branches` (
  `id` int NOT NULL AUTO_INCREMENT,
  `branch_name` varchar(100) NOT NULL,
  `shop_id` int NOT NULL,
  `status` tinyint(1) DEFAULT '1',
  `created_at` timestamp NULL DEFAULT CURRENT_TIMESTAMP,
  PRIMARY KEY (`id`),
  KEY `shop_id` (`shop_id`),
  CONSTRAINT `branches_ibfk_1` FOREIGN KEY (`shop_id`) REFERENCES `shops` (`id`) ON DELETE CASCADE
) ENGINE=InnoDB AUTO_INCREMENT=501 DEFAULT CHARSET=utf8mb4 COLLATE=utf8mb4_0900_ai_ci;

-- Dumping data for table lg.branches: ~500 rows (approximately)
INSERT INTO `branches` (`id`, `branch_name`, `shop_id`, `status`, `created_at`) VALUES
	(1, 'Gedera', 1, 1, '2025-07-27 09:25:52'),
	(2, 'Gedera', 2, 0, '2025-07-27 09:25:52'),
	(3, 'Ashdod', 3, 1, '2025-07-27 09:25:52'),
	(4, 'Haifa', 7, 0, '2025-07-27 09:25:52'),
	(5, 'Yokneam', 4, 1, '2025-07-27 09:25:52'),
	(6, 'Merkaz Shapira', 5, 1, '2025-07-27 09:25:52'),
	(7, 'Rishon Lezion', 6, 1, '2025-07-27 09:25:52'),
	(8, 'Kiryat Ata', 7, 0, '2025-07-27 09:25:52'),
	(9, 'Petach Tikva', 8, 0, '2025-07-27 09:25:52'),
	(10, 'Netanya (Outlet)', 9, 0, '2025-07-27 09:25:52'),
	(11, 'Netanya (Melacha)', 9, 1, '2025-07-27 09:25:52'),
	(12, 'Rishon Lezion (Honim Konim (1))', 9, 0, '2025-07-27 09:25:52'),
	(13, 'Beer Sheva', 9, 1, '2025-07-27 09:25:52'),
	(14, 'Kiryat Gat', 9, 1, '2025-07-27 09:25:52'),
	(15, 'Petah Tikva', 9, 0, '2025-07-27 09:25:52'),
	(16, 'Kfar Saba', 9, 1, '2025-07-27 09:25:52'),
	(17, 'Ramat Gan Ayalon', 9, 1, '2025-07-27 09:25:52'),
	(18, 'Hadera', 9, 1, '2025-07-27 09:25:52'),
	(19, 'Netanya (Giborei)', 9, 1, '2025-07-27 09:25:52'),
	(20, 'Abu Gosh', 10, 1, '2025-07-27 09:25:52'),
	(21, 'Jerusalem (Atarot)', 10, 1, '2025-07-27 09:25:52'),
	(22, 'Ashkelon', 11, 0, '2025-07-27 09:25:52'),
	(23, 'Ein Shemer', 11, 0, '2025-07-27 09:25:52'),
	(24, 'Hotzot Hamifratz', 11, 0, '2025-07-27 09:25:52'),
	(25, 'Haifa', 11, 0, '2025-07-27 09:25:52'),
	(26, 'Tel Aviv', 11, 0, '2025-07-27 09:25:52'),
	(27, 'Regba', 11, 0, '2025-07-27 09:25:52'),
	(28, 'Nazareth', 12, 1, '2025-07-27 09:25:52'),
	(29, 'Yafia', 13, 1, '2025-07-27 09:25:52'),
	(30, 'Baqa al-Gharbiyye', 14, 1, '2025-07-27 09:25:52'),
	(31, 'Abu Snan', 15, 1, '2025-07-27 09:25:52'),
	(32, 'Afula', 16, 1, '2025-07-27 09:25:52'),
	(33, 'Kfar Bilu', 17, 1, '2025-07-27 09:25:52'),
	(34, 'Netanya', 17, 1, '2025-07-27 09:25:52'),
	(35, 'Ramat Gan Ayalon (Street)', 17, 1, '2025-07-27 09:25:52'),
	(36, 'Tel Aviv (Fashion mall)', 17, 1, '2025-07-27 09:25:52'),
	(37, 'Ashkelon (Mavkiim)', 17, 0, '2025-07-27 09:25:52'),
	(38, 'Beer Sheva (Grand mall)', 17, 1, '2025-07-27 09:25:52'),
	(39, 'Beer Sheva', 17, 1, '2025-07-27 09:25:52'),
	(40, 'Kfar Saba', 17, 1, '2025-07-27 09:25:52'),
	(41, 'Kiryat Ata', 17, 1, '2025-07-27 09:25:52'),
	(42, 'Rishon Lezion', 17, 1, '2025-07-27 09:25:52'),
	(43, 'Tel Hanan', 17, 1, '2025-07-27 09:25:52'),
	(44, 'Ashdod', 17, 1, '2025-07-27 09:25:52'),
	(45, 'Ashkelon', 17, 1, '2025-07-27 09:25:52'),
	(46, 'Carmiel', 17, 1, '2025-07-27 09:25:52'),
	(47, 'Haifa (Check Post)', 17, 1, '2025-07-27 09:25:52'),
	(48, 'Eilat (Big)', 17, 1, '2025-07-27 09:25:52'),
	(49, 'Hadera (Mul Hahof)', 17, 1, '2025-07-27 09:25:52'),
	(50, 'Tirat Carmel (Shaar)', 17, 1, '2025-07-27 09:25:52'),
	(51, 'Hod Hasharon', 17, 1, '2025-07-27 09:25:52'),
	(52, 'Jerusalem', 17, 0, '2025-07-27 09:25:52'),
	(53, 'Jerusalem 2', 17, 0, '2025-07-27 09:25:52'),
	(54, 'Modiin', 17, 1, '2025-07-27 09:25:52'),
	(55, 'Nes Ziona', 17, 1, '2025-07-27 09:25:52'),
	(56, 'Nof HaGalil', 17, 1, '2025-07-27 09:25:52'),
	(57, 'Petah Tikva', 17, 1, '2025-07-27 09:25:52'),
	(58, 'Ramat Aviv', 17, 1, '2025-07-27 09:25:52'),
	(59, 'Ramat Hasharon', 17, 1, '2025-07-27 09:25:52'),
	(60, 'Regba', 17, 1, '2025-07-27 09:25:52'),
	(61, 'Afula', 17, 1, '2025-07-27 09:25:52'),
	(62, 'Bat Yam', 17, 1, '2025-07-27 09:25:52'),
	(63, 'Beit Shemesh', 17, 1, '2025-07-27 09:25:52'),
	(64, 'Givatayim', 17, 1, '2025-07-27 09:25:52'),
	(65, 'Hadera', 17, 1, '2025-07-27 09:25:52'),
	(66, 'Tel Aviv (Jaffa)', 17, 1, '2025-07-27 09:25:52'),
	(67, 'Netivot', 17, 1, '2025-07-27 09:25:52'),
	(68, 'Tiberius (Poriah)', 17, 1, '2025-07-27 09:25:52'),
	(69, 'Ramla', 17, 1, '2025-07-27 09:25:52'),
	(70, 'Yehud', 17, 1, '2025-07-27 09:25:52'),
	(71, 'Ramat Gan Ayalon (Mall)', 17, 1, '2025-07-27 09:25:52'),
	(72, 'Holon', 17, 1, '2025-07-27 09:25:52'),
	(73, 'Rishon Lezion (Honim Konim (1))', 17, 1, '2025-07-27 09:25:52'),
	(74, 'Zichron Yaakov', 17, 1, '2025-07-27 09:25:52'),
	(75, 'Jerusalem (Hadar mall)', 17, 1, '2025-07-27 09:25:52'),
	(76, 'Petah Tikva (Segula)', 17, 1, '2025-07-27 09:25:52'),
	(77, 'Raanana', 17, 0, '2025-07-27 09:25:52'),
	(78, 'Rehovot', 17, 1, '2025-07-27 09:25:52'),
	(79, 'Migdal Haemek', 17, 1, '2025-07-27 09:25:52'),
	(80, 'Givataim', 17, 0, '2025-07-27 09:25:52'),
	(81, 'Kiryat Gat', 17, 1, '2025-07-27 09:25:52'),
	(82, 'Gedera', 17, 1, '2025-07-27 09:25:52'),
	(83, 'Herzilya (Glilot)', 17, 1, '2025-07-27 09:25:52'),
	(84, 'Kfar Bilu', 18, 0, '2025-07-27 09:25:52'),
	(85, 'Tel Hanan', 18, 1, '2025-07-27 09:25:52'),
	(86, 'Katzrin', 19, 1, '2025-07-27 09:25:52'),
	(87, 'Ashkelon', 20, 1, '2025-07-27 09:25:52'),
	(88, 'Kfar Bilu', 20, 1, '2025-07-27 09:25:52'),
	(89, 'Ramat Hasharon', 21, 1, '2025-07-27 09:25:52'),
	(90, 'Afula', 22, 1, '2025-07-27 09:25:52'),
	(91, 'Rishon Lezion', 23, 1, '2025-07-27 09:25:52'),
	(92, 'Tamra', 23, 1, '2025-07-27 09:25:52'),
	(93, 'Kabul', 23, 1, '2025-07-27 09:25:52'),
	(94, 'Haifa (Hotzot Hamifratz)', 24, 1, '2025-07-27 09:25:52'),
	(95, 'Ramat Gan', 25, 1, '2025-07-27 09:25:52'),
	(96, 'Beer Sheva', 26, 1, '2025-07-27 09:25:52'),
	(97, 'Netanya', 26, 1, '2025-07-27 09:25:52'),
	(98, 'Rishon Lezion', 26, 1, '2025-07-27 09:25:52'),
	(99, 'Ramat Gan Ayalon', 26, 1, '2025-07-27 09:25:52'),
	(100, 'Tel Aviv (Alenbi)', 26, 1, '2025-07-27 09:25:52'),
	(101, 'Tel Aviv (Alenbi 2)', 26, 1, '2025-07-27 09:25:52'),
	(102, 'Herzliya', 26, 1, '2025-07-27 09:25:52'),
	(103, 'Jerusalem (Givat Shaul)', 26, 0, '2025-07-27 09:25:52'),
	(104, 'Kfar Saba', 26, 1, '2025-07-27 09:25:52'),
	(105, 'Lod (Airport)', 26, 1, '2025-07-27 09:25:52'),
	(106, 'Nes Ziona', 26, 1, '2025-07-27 09:25:52'),
	(107, 'Or Yehuda', 26, 1, '2025-07-27 09:25:52'),
	(108, 'Ramat Hasharon', 26, 1, '2025-07-27 09:25:52'),
	(109, 'Shilat', 26, 1, '2025-07-27 09:25:52'),
	(110, 'Ashkelon', 26, 1, '2025-07-27 09:25:52'),
	(111, 'Petah Tikva (Old city)', 26, 0, '2025-07-27 09:25:52'),
	(112, 'Raanana', 26, 1, '2025-07-27 09:25:52'),
	(113, 'Rehovot', 26, 1, '2025-07-27 09:25:52'),
	(114, 'Ashdod', 26, 1, '2025-07-27 09:25:52'),
	(115, 'Petah Tikva (Jabotinsky st.)', 26, 1, '2025-07-27 09:25:52'),
	(116, 'Holon', 26, 1, '2025-07-27 09:25:52'),
	(117, 'Jerusalem (Talpiot)', 26, 1, '2025-07-27 09:25:52'),
	(118, 'Or Yehuda', 27, 1, '2025-07-27 09:25:52'),
	(119, 'Shfaram', 28, 1, '2025-07-27 09:25:52'),
	(120, 'Nahariyya', 29, 1, '2025-07-27 09:25:52'),
	(121, 'Sderot', 30, 1, '2025-07-27 09:25:52'),
	(122, 'Kfar Saba', 31, 1, '2025-07-27 09:25:52'),
	(123, 'Rishon lezion', 32, 1, '2025-07-27 09:25:52'),
	(124, 'Yavne', 33, 1, '2025-07-27 09:25:52'),
	(125, 'Kfar Saba', 34, 0, '2025-07-27 09:25:52'),
	(126, 'Tel Hanan', 35, 1, '2025-07-27 09:25:52'),
	(127, 'Kiryat Ata', 35, 1, '2025-07-27 09:25:52'),
	(128, 'Modiin', 35, 1, '2025-07-27 09:25:52'),
	(129, 'Tiberius', 35, 1, '2025-07-27 09:25:52'),
	(130, 'Yokneam', 35, 1, '2025-07-27 09:25:52'),
	(131, 'Afula', 35, 1, '2025-07-27 09:25:52'),
	(132, 'Beit Shan', 35, 1, '2025-07-27 09:25:52'),
	(133, 'Carmiel', 35, 1, '2025-07-27 09:25:52'),
	(134, 'Ein HaMifratz (Akko)', 35, 1, '2025-07-27 09:25:52'),
	(135, 'Haifa', 35, 1, '2025-07-27 09:25:52'),
	(136, 'Kiryat Shmona', 35, 1, '2025-07-27 09:25:52'),
	(137, 'Maalot', 35, 1, '2025-07-27 09:25:52'),
	(138, 'Migdal Haemek', 35, 1, '2025-07-27 09:25:52'),
	(139, 'Nahariyya', 35, 1, '2025-07-27 09:25:52'),
	(140, 'Maghar', 35, 1, '2025-07-27 09:25:52'),
	(141, 'Sakhnin', 35, 1, '2025-07-27 09:25:52'),
	(142, 'Umm al-Fahm', 35, 1, '2025-07-27 09:25:52'),
	(143, 'Pardes Hana', 35, 1, '2025-07-27 09:25:52'),
	(144, 'Rishon Lezion (Honim Konim (1))', 35, 1, '2025-07-27 09:25:52'),
	(145, 'Tel Aviv (Ygal Alon St.)', 35, 1, '2025-07-27 09:25:52'),
	(146, 'Safed', 35, 1, '2025-07-27 09:25:52'),
	(147, 'Nazareth', 35, 1, '2025-07-27 09:25:52'),
	(148, 'Ashkelon', 35, 1, '2025-07-27 09:25:52'),
	(149, 'Araba', 35, 1, '2025-07-27 09:25:52'),
	(150, 'Arabe', 36, 0, '2025-07-27 09:25:52'),
	(151, 'Mizra', 37, 1, '2025-07-27 09:25:52'),
	(152, 'Ramat Gan', 38, 0, '2025-07-27 09:25:52'),
	(153, 'Yafia', 39, 1, '2025-07-27 09:25:52'),
	(154, 'Haifa', 40, 1, '2025-07-27 09:25:52'),
	(155, 'Netanya', 41, 1, '2025-07-27 09:25:52'),
	(156, 'Yavne', 42, 1, '2025-07-27 09:25:52'),
	(157, 'Petah Tikva', 43, 1, '2025-07-27 09:25:52'),
	(158, 'Ashdod', 44, 1, '2025-07-27 09:25:52'),
	(159, 'Holon', 44, 0, '2025-07-27 09:25:52'),
	(160, 'Kfar Saba', 45, 1, '2025-07-27 09:25:52'),
	(161, 'A.Y.S (Audio Video) Tel Aviv', 46, 1, '2025-07-27 09:25:52'),
	(162, 'Daliyat Al-Karmel', 47, 0, '2025-07-27 09:25:52'),
	(163, 'Kfar qara', 48, 1, '2025-07-27 09:25:52'),
	(164, 'Rishon Lezion', 49, 1, '2025-07-27 09:25:52'),
	(165, 'Carmiel', 50, 1, '2025-07-27 09:25:52'),
	(166, 'Shfaram', 51, 1, '2025-07-27 09:25:52'),
	(167, 'Rishon Lezion (Honim Konim (0))', 52, 1, '2025-07-27 09:25:52'),
	(168, 'Netanya (Giborei)', 52, 1, '2025-07-27 09:25:52'),
	(169, 'Netivot', 53, 1, '2025-07-27 09:25:52'),
	(170, 'Yarka', 54, 1, '2025-07-27 09:25:52'),
	(171, 'Safed (Hatzor Aglilit)', 55, 1, '2025-07-27 09:25:52'),
	(172, 'Bnei Brak', 56, 1, '2025-07-27 09:25:52'),
	(173, 'Maghar', 57, 1, '2025-07-27 09:25:52'),
	(174, 'Daliyat Al-Karmel', 57, 1, '2025-07-27 09:25:52'),
	(175, 'Kisra', 57, 1, '2025-07-27 09:25:52'),
	(176, 'Masade', 57, 1, '2025-07-27 09:25:52'),
	(177, 'Hurfeish', 57, 1, '2025-07-27 09:25:52'),
	(178, 'Beit Jan', 57, 1, '2025-07-27 09:25:52'),
	(179, 'Majdal Shams', 57, 1, '2025-07-27 09:25:52'),
	(180, 'Shfaram', 58, 1, '2025-07-27 09:25:52'),
	(181, 'Haifa (Check Post)', 59, 1, '2025-07-27 09:25:52'),
	(182, 'Tel Aviv', 60, 1, '2025-07-27 09:25:52'),
	(183, 'Givataim', 60, 0, '2025-07-27 09:25:52'),
	(184, 'Tel Aviv', 61, 0, '2025-07-27 09:25:52'),
	(185, 'Modiin', 62, 1, '2025-07-27 09:25:52'),
	(186, 'Holon', 63, 1, '2025-07-27 09:25:52'),
	(187, 'Tel Aviv (Jaffa)', 63, 1, '2025-07-27 09:25:52'),
	(188, 'Tel Aviv', 64, 0, '2025-07-27 09:25:52'),
	(189, 'Nazareth', 65, 1, '2025-07-27 09:25:52'),
	(190, 'Haifa', 66, 0, '2025-07-27 09:25:52'),
	(191, 'Haifa (Tirat Ha Carmel)', 66, 0, '2025-07-27 09:25:52'),
	(192, 'Netanya', 67, 0, '2025-07-27 09:25:52'),
	(193, 'Shfaram', 68, 1, '2025-07-27 09:25:52'),
	(194, 'Nahariyya', 69, 1, '2025-07-27 09:25:52'),
	(195, 'Yehud', 70, 1, '2025-07-27 09:25:52'),
	(196, 'Kfar Saba', 71, 0, '2025-07-27 09:25:52'),
	(197, 'Bnei Brak', 72, 1, '2025-07-27 09:25:52'),
	(198, 'Tira', 73, 1, '2025-07-27 09:25:52'),
	(199, 'Hod Hasharon', 74, 0, '2025-07-27 09:25:52'),
	(200, 'Deir al-Asad', 75, 1, '2025-07-27 09:25:52'),
	(201, 'Ramle', 76, 0, '2025-07-27 09:25:52'),
	(202, 'Ashdod', 76, 1, '2025-07-27 09:25:52'),
	(203, 'Beit Shemesh', 76, 1, '2025-07-27 09:25:52'),
	(204, 'Ramla', 76, 1, '2025-07-27 09:25:52'),
	(205, 'Rehovot', 77, 1, '2025-07-27 09:25:52'),
	(206, 'Savion', 78, 0, '2025-07-27 09:25:52'),
	(207, 'Julis', 79, 1, '2025-07-27 09:25:52'),
	(208, 'Herzliya', 80, 1, '2025-07-27 09:25:52'),
	(209, 'Holon', 81, 0, '2025-07-27 09:25:52'),
	(210, 'Hertzliya', 82, 0, '2025-07-27 09:25:52'),
	(211, 'Tiberius', 83, 1, '2025-07-27 09:25:52'),
	(212, 'Shfaram', 84, 1, '2025-07-27 09:25:52'),
	(213, 'Maale Adumim (D.city)', 85, 1, '2025-07-27 09:25:52'),
	(214, 'Hod Hasharon', 86, 1, '2025-07-27 09:25:52'),
	(215, 'Kfar Saba', 86, 1, '2025-07-27 09:25:52'),
	(216, 'Netanya', 87, 0, '2025-07-27 09:25:52'),
	(217, 'Haifa', 88, 0, '2025-07-27 09:25:52'),
	(218, 'Haifa (Hotzot)', 88, 0, '2025-07-27 09:25:52'),
	(219, 'Kfar yona', 88, 0, '2025-07-27 09:25:52'),
	(220, 'Kiryat Ata', 88, 0, '2025-07-27 09:25:52'),
	(221, 'Tirat Carmel', 88, 0, '2025-07-27 09:25:52'),
	(222, 'Kiryat Ata', 89, 1, '2025-07-27 09:25:52'),
	(223, 'Kfar Bilu', 90, 1, '2025-07-27 09:25:52'),
	(224, 'liam electric haifa', 91, 0, '2025-07-27 09:25:52'),
	(225, 'Majdal Shams', 92, 1, '2025-07-27 09:25:52'),
	(226, 'Beit Shemesh', 93, 1, '2025-07-27 09:25:52'),
	(227, 'Jerusalem (Malcha Mall)', 93, 1, '2025-07-27 09:25:52'),
	(228, 'Jerusalem (Talpiot)', 93, 1, '2025-07-27 09:25:52'),
	(229, 'Ashkelon', 93, 1, '2025-07-27 09:25:52'),
	(230, 'Kiryat Gat', 93, 1, '2025-07-27 09:25:52'),
	(231, 'Maale Adumim', 93, 1, '2025-07-27 09:25:52'),
	(232, 'Shilat', 93, 1, '2025-07-27 09:25:52'),
	(233, 'Rishon Lezion (East)', 94, 1, '2025-07-27 09:25:52'),
	(234, 'Petah Tikva (Segula)', 94, 1, '2025-07-27 09:25:52'),
	(235, 'Yavne', 94, 1, '2025-07-27 09:25:52'),
	(236, 'Rishon lezion (West)', 94, 1, '2025-07-27 09:25:52'),
	(237, 'Umm al-Fahm', 95, 1, '2025-07-27 09:25:52'),
	(238, 'Kfar qara', 95, 1, '2025-07-27 09:25:52'),
	(239, 'Baqa al-Gharbiyye', 96, 1, '2025-07-27 09:25:52'),
	(240, 'Deir al-Asad', 97, 1, '2025-07-27 09:25:52'),
	(241, 'Petah Tikva', 98, 1, '2025-07-27 09:25:52'),
	(242, 'Tel Aviv', 99, 0, '2025-07-27 09:25:52'),
	(243, 'Ashdod', 100, 0, '2025-07-27 09:25:52'),
	(244, 'Beer Yakov', 100, 0, '2025-07-27 09:25:52'),
	(245, 'Haifa (Haistadrot)', 100, 0, '2025-07-27 09:25:52'),
	(246, 'Kfar Qasim', 100, 0, '2025-07-27 09:25:52'),
	(247, 'Kiryat Bialik', 100, 0, '2025-07-27 09:25:52'),
	(248, 'Kiryat Motzkin', 100, 0, '2025-07-27 09:25:52'),
	(249, 'Ramla (Ramlod)', 100, 0, '2025-07-27 09:25:52'),
	(250, 'Shoham', 100, 0, '2025-07-27 09:25:52'),
	(251, 'Holon', 100, 0, '2025-07-27 09:25:52'),
	(252, 'Beer sheva', 100, 0, '2025-07-27 09:25:52'),
	(253, 'Rahat', 100, 0, '2025-07-27 09:25:52'),
	(254, 'Rishon Lezion (Honim Konim (0))', 101, 1, '2025-07-27 09:25:52'),
	(255, 'Raanana', 101, 1, '2025-07-27 09:25:52'),
	(256, 'Tiberius', 101, 1, '2025-07-27 09:25:52'),
	(257, 'Ein HaMifratz (Akko)', 101, 1, '2025-07-27 09:25:52'),
	(258, 'Haifa (Check Post)', 101, 1, '2025-07-27 09:25:52'),
	(259, 'Afula', 101, 1, '2025-07-27 09:25:52'),
	(260, 'Rehovot', 101, 1, '2025-07-27 09:25:52'),
	(261, 'Beer Sheva', 101, 1, '2025-07-27 09:25:52'),
	(262, 'Ramat Gan Ayalon', 101, 1, '2025-07-27 09:25:52'),
	(263, 'Eilat (Big)', 101, 1, '2025-07-27 09:25:52'),
	(264, 'Eilat (City)', 101, 1, '2025-07-27 09:25:52'),
	(265, 'Jerusalem (Talpiot)', 101, 1, '2025-07-27 09:25:52'),
	(266, 'Kiryat Ata', 101, 1, '2025-07-27 09:25:52'),
	(267, 'Petah Tikva (Segula)', 101, 1, '2025-07-27 09:25:52'),
	(268, 'Tel Aviv (Ygal Alon St.)', 101, 1, '2025-07-27 09:25:52'),
	(269, 'Tel Hanan', 101, 1, '2025-07-27 09:25:52'),
	(270, 'Petah Tikva (Jabotinsky)', 101, 1, '2025-07-27 09:25:52'),
	(271, 'Holon', 101, 1, '2025-07-27 09:25:52'),
	(272, 'Netanya (Ganden, Poleg)', 101, 1, '2025-07-27 09:25:52'),
	(273, 'Netanya (Shufersal, Amelah)', 101, 1, '2025-07-27 09:25:52'),
	(274, 'Regba', 101, 1, '2025-07-27 09:25:52'),
	(275, 'Baqa al-Gharbiyye', 101, 1, '2025-07-27 09:25:52'),
	(276, 'Tel Aviv (Kibbutz Galuyot)', 101, 1, '2025-07-27 09:25:52'),
	(277, 'Mevaseret', 101, 0, '2025-07-27 09:25:52'),
	(278, 'Ashdod', 101, 1, '2025-07-27 09:25:52'),
	(279, 'Kfar Bilu', 101, 1, '2025-07-27 09:25:52'),
	(280, 'Carmiel', 101, 1, '2025-07-27 09:25:52'),
	(281, 'Hadera', 101, 1, '2025-07-27 09:25:52'),
	(282, 'Jerusalem (Givat Shaul)', 101, 1, '2025-07-27 09:25:52'),
	(283, 'Kfar Saba', 101, 1, '2025-07-27 09:25:52'),
	(284, 'Nes Ziona', 101, 1, '2025-07-27 09:25:52'),
	(285, 'Kiryat Gat', 101, 1, '2025-07-27 09:25:52'),
	(286, 'Nof HaGalil', 101, 1, '2025-07-27 09:25:52'),
	(287, 'Or Yehuda', 101, 1, '2025-07-27 09:25:52'),
	(288, 'Ashkelon', 101, 1, '2025-07-27 09:25:52'),
	(289, 'Beit Shemesh', 101, 1, '2025-07-27 09:25:52'),
	(290, 'Kiryat Malakhi (Big Kastina)', 101, 1, '2025-07-27 09:25:52'),
	(291, 'Kiryat Shmona', 101, 1, '2025-07-27 09:25:52'),
	(292, 'Modiin', 101, 1, '2025-07-27 09:25:52'),
	(293, 'Netivot', 101, 1, '2025-07-27 09:25:52'),
	(294, 'Pardes Hana', 101, 1, '2025-07-27 09:25:52'),
	(295, 'Sakhnin', 101, 1, '2025-07-27 09:25:52'),
	(296, 'Arad', 101, 1, '2025-07-27 09:25:52'),
	(297, 'Ariel', 101, 1, '2025-07-27 09:25:52'),
	(298, 'Rishon Lezion (Honim Konim (1))', 101, 1, '2025-07-27 09:25:52'),
	(299, 'Herzliya', 101, 1, '2025-07-27 09:25:52'),
	(300, 'Kfar Qasim', 101, 1, '2025-07-27 09:25:52'),
	(301, 'Mishor Adumim', 101, 1, '2025-07-27 09:25:52'),
	(302, 'Tamra', 101, 1, '2025-07-27 09:25:52'),
	(303, 'Umm al-Fahm', 101, 1, '2025-07-27 09:25:52'),
	(304, 'Dimona', 101, 1, '2025-07-27 09:25:52'),
	(305, 'Deir al-Asad', 101, 1, '2025-07-27 09:25:52'),
	(306, 'Kiryat Ata (Krayot)', 101, 0, '2025-07-27 09:25:52'),
	(307, 'Tira', 101, 1, '2025-07-27 09:25:52'),
	(308, 'Kfar Yasif', 101, 1, '2025-07-27 09:25:52'),
	(309, 'Ashdod (New)', 101, 1, '2025-07-27 09:25:52'),
	(310, 'Tel Aviv (Azrieli Mall)', 101, 1, '2025-07-27 09:25:52'),
	(311, 'Bat Yam', 101, 1, '2025-07-27 09:25:52'),
	(312, 'Ashkelon (NEW)', 101, 1, '2025-07-27 09:25:52'),
	(313, 'Or Akiva', 101, 1, '2025-07-27 09:25:52'),
	(314, 'Migdal Haemek', 101, 1, '2025-07-27 09:25:52'),
	(315, 'Gedera', 101, 1, '2025-07-27 09:25:52'),
	(316, 'Atarot', 101, 1, '2025-07-27 09:25:52'),
	(317, 'Rahat', 101, 1, '2025-07-27 09:25:52'),
	(318, 'Taybe', 101, 1, '2025-07-27 09:25:52'),
	(319, 'Beer Yakov', 101, 1, '2025-07-27 09:25:52'),
	(320, 'Petah Tikva', 102, 0, '2025-07-27 09:25:52'),
	(321, 'Sderot', 103, 1, '2025-07-27 09:25:52'),
	(322, 'Netivot', 103, 1, '2025-07-27 09:25:52'),
	(323, 'Sderot ', 103, 0, '2025-07-27 09:25:52'),
	(324, 'Daliyat Al-Karmel', 104, 1, '2025-07-27 09:25:52'),
	(325, 'Nazareth', 105, 1, '2025-07-27 09:25:52'),
	(326, 'Hatzor Haglilit', 106, 1, '2025-07-27 09:25:52'),
	(327, 'Kfar Saba', 107, 1, '2025-07-27 09:25:52'),
	(328, 'Tel Aviv', 107, 1, '2025-07-27 09:25:52'),
	(329, 'Rehovot', 107, 1, '2025-07-27 09:25:52'),
	(330, 'Netanya', 107, 1, '2025-07-27 09:25:52'),
	(331, 'Rishon Lezion (Aetzel)', 107, 1, '2025-07-27 09:25:52'),
	(332, 'Rishon Lezion (Tulipman)', 107, 1, '2025-07-27 09:25:52'),
	(333, 'Kiryat Ata', 107, 1, '2025-07-27 09:25:52'),
	(334, 'Petah Tikva', 107, 1, '2025-07-27 09:25:52'),
	(335, 'Petah Tikva (Segula)', 108, 1, '2025-07-27 09:25:52'),
	(336, 'Tel Aviv (lal alon)', 108, 1, '2025-07-27 09:25:52'),
	(337, 'Red zone Eilat', 108, 0, '2025-07-27 09:25:52'),
	(338, 'Beer Sheva', 108, 1, '2025-07-27 09:25:52'),
	(339, 'Kfar Bilu', 108, 1, '2025-07-27 09:25:52'),
	(340, 'Eilat (City)', 108, 1, '2025-07-27 09:25:52'),
	(341, 'Jerusalem (Talpiot)', 108, 1, '2025-07-27 09:25:52'),
	(342, 'Netanya', 108, 1, '2025-07-27 09:25:52'),
	(343, 'Ramat Gan Ayalon', 108, 1, '2025-07-27 09:25:52'),
	(344, 'Hadera', 108, 1, '2025-07-27 09:25:52'),
	(345, 'Kfar Saba', 108, 1, '2025-07-27 09:25:52'),
	(346, 'Ashdod', 108, 1, '2025-07-27 09:25:52'),
	(347, 'Holon', 108, 1, '2025-07-27 09:25:52'),
	(348, 'Rishon Lezion', 108, 1, '2025-07-27 09:25:52'),
	(349, 'Netivot', 108, 1, '2025-07-27 09:25:52'),
	(350, 'Beit Shemesh', 108, 0, '2025-07-27 09:25:52'),
	(351, 'Tiberius', 108, 1, '2025-07-27 09:25:52'),
	(352, 'Afula', 108, 1, '2025-07-27 09:25:52'),
	(353, 'Ashkelon', 108, 1, '2025-07-27 09:25:52'),
	(354, 'Haifa (Check Post)', 108, 1, '2025-07-27 09:25:52'),
	(355, 'Kiryat Shmona', 108, 1, '2025-07-27 09:25:52'),
	(356, 'Nof HaGalil', 108, 1, '2025-07-27 09:25:52'),
	(357, 'Lod', 109, 0, '2025-07-27 09:25:52'),
	(358, 'Eilat (Big)', 110, 1, '2025-07-27 09:25:52'),
	(359, 'Ramat Gan', 111, 0, '2025-07-27 09:25:52'),
	(360, 'Hadera', 112, 1, '2025-07-27 09:25:52'),
	(361, 'Or Akiva', 112, 0, '2025-07-27 09:25:52'),
	(362, 'Kfar Qara', 112, 0, '2025-07-27 09:25:52'),
	(363, 'Hadera', 113, 1, '2025-07-27 09:25:52'),
	(364, 'Kfar qara', 114, 1, '2025-07-27 09:25:52'),
	(365, 'Petah Tikva', 115, 1, '2025-07-27 09:25:52'),
	(366, 'Netanya', 116, 1, '2025-07-27 09:25:52'),
	(367, 'Isfiya (Osafia)', 117, 1, '2025-07-27 09:25:52'),
	(368, 'Petah Tikva (Segula)', 118, 1, '2025-07-27 09:25:52'),
	(369, 'Kfar Qara', 119, 0, '2025-07-27 09:25:52'),
	(370, 'Netanya', 120, 1, '2025-07-27 09:25:52'),
	(371, 'Yarka', 121, 1, '2025-07-27 09:25:52'),
	(372, 'Kiryat Bialik', 122, 1, '2025-07-27 09:25:52'),
	(373, 'Yarka', 123, 1, '2025-07-27 09:25:52'),
	(374, 'Umm Al-Fahm', 124, 1, '2025-07-27 09:25:52'),
	(375, 'Abu Snan', 125, 1, '2025-07-27 09:25:52'),
	(376, 'Beer Sheva', 126, 1, '2025-07-27 09:25:52'),
	(377, 'Rahat', 127, 1, '2025-07-27 09:25:52'),
	(378, 'Raanana', 128, 1, '2025-07-27 09:25:52'),
	(379, 'Tel Aviv', 129, 1, '2025-07-27 09:25:52'),
	(380, 'Hod Hasharon', 130, 0, '2025-07-27 09:25:52'),
	(381, 'Jerusalem', 131, 1, '2025-07-27 09:25:52'),
	(382, 'Hertzliya', 132, 0, '2025-07-27 09:25:52'),
	(383, 'Haifa (Check Post)', 132, 1, '2025-07-27 09:25:52'),
	(384, 'Maghar', 133, 1, '2025-07-27 09:25:52'),
	(385, 'Tel Aviv', 134, 1, '2025-07-27 09:25:52'),
	(386, 'Ashkelon', 135, 1, '2025-07-27 09:25:52'),
	(387, 'Holon', 136, 1, '2025-07-27 09:25:52'),
	(388, 'Beer Yakov', 137, 1, '2025-07-27 09:25:52'),
	(389, 'Or Yehuda', 138, 1, '2025-07-27 09:25:52'),
	(390, 'Carmiel', 139, 1, '2025-07-27 09:25:52'),
	(391, 'Kfar Saba', 140, 1, '2025-07-27 09:25:52'),
	(392, 'Kfar Saba', 141, 0, '2025-07-27 09:25:52'),
	(393, 'Ashdod', 142, 1, '2025-07-27 09:25:52'),
	(394, 'Rishon Lezion (Cinema City)', 142, 1, '2025-07-27 09:25:52'),
	(395, 'Air port (Duty Free)', 142, 1, '2025-07-27 09:25:52'),
	(396, 'Beer Sheva', 142, 1, '2025-07-27 09:25:52'),
	(397, 'Kiryat Ata', 142, 1, '2025-07-27 09:25:52'),
	(398, 'Tel Hanan', 142, 1, '2025-07-27 09:25:52'),
	(399, 'Ashkelon', 142, 1, '2025-07-27 09:25:52'),
	(400, 'Kfar Bilu', 142, 1, '2025-07-27 09:25:52'),
	(401, 'Herzliya', 142, 1, '2025-07-27 09:25:52'),
	(402, 'Petah Tikva (Segula)', 142, 1, '2025-07-27 09:25:52'),
	(403, 'Jerusalem (Talpiot)', 142, 1, '2025-07-27 09:25:52'),
	(404, 'Afula', 142, 1, '2025-07-27 09:25:52'),
	(405, 'Eilat (City)', 142, 1, '2025-07-27 09:25:52'),
	(406, 'Hadera', 142, 1, '2025-07-27 09:25:52'),
	(407, 'Kfar Saba', 142, 1, '2025-07-27 09:25:52'),
	(408, 'Kiryat Gat', 142, 1, '2025-07-27 09:25:52'),
	(409, 'Rishon Lezion (Tzadal)', 142, 1, '2025-07-27 09:25:52'),
	(410, 'Zichron Yaakov', 142, 1, '2025-07-27 09:25:52'),
	(411, 'Eilat (Big)', 142, 1, '2025-07-27 09:25:52'),
	(412, 'Mishur Adumim', 142, 0, '2025-07-27 09:25:52'),
	(413, 'Ashdod (New)', 142, 1, '2025-07-27 09:25:52'),
	(414, 'Jerusalem', 143, 1, '2025-07-27 09:25:52'),
	(415, 'Tamra', 144, 1, '2025-07-27 09:25:52'),
	(416, 'Haifa', 145, 1, '2025-07-27 09:25:52'),
	(417, 'Haifa (Hotzot)', 146, 1, '2025-07-27 09:25:52'),
	(418, 'Petah Tikva (Jabotinsky)', 147, 1, '2025-07-27 09:25:52'),
	(419, 'Ashdod', 148, 0, '2025-07-27 09:25:52'),
	(420, 'Bnei Brak', 149, 0, '2025-07-27 09:25:52'),
	(421, 'Ashkelon', 150, 1, '2025-07-27 09:25:52'),
	(422, 'Holon', 150, 1, '2025-07-27 09:25:52'),
	(423, 'Rishon Lezion', 150, 1, '2025-07-27 09:25:52'),
	(424, 'Bat Yam', 150, 1, '2025-07-27 09:25:52'),
	(425, 'Tel Aviv', 151, 1, '2025-07-27 09:25:52'),
	(426, 'Raanana', 152, 1, '2025-07-27 09:25:52'),
	(427, 'Nahariyya', 153, 1, '2025-07-27 09:25:52'),
	(428, 'Nahariyya', 154, 1, '2025-07-27 09:25:52'),
	(429, 'Jerusalem', 155, 0, '2025-07-27 09:25:52'),
	(430, 'Nof HaGalil', 156, 0, '2025-07-27 09:25:52'),
	(431, 'Herzliya', 157, 1, '2025-07-27 09:25:52'),
	(432, 'Ramat Gan', 158, 0, '2025-07-27 09:25:52'),
	(433, 'Regba', 159, 1, '2025-07-27 09:25:52'),
	(434, 'Lod (Shaal Lod)', 159, 1, '2025-07-27 09:25:52'),
	(435, 'Afula', 159, 1, '2025-07-27 09:25:52'),
	(436, 'Beer Sheva', 159, 1, '2025-07-27 09:25:52'),
	(437, 'Eilat (Big)', 159, 1, '2025-07-27 09:25:52'),
	(438, 'Ramat Gan Ayalon', 159, 1, '2025-07-27 09:25:52'),
	(439, 'Nof HaGalil', 159, 1, '2025-07-27 09:25:52'),
	(440, 'Jerusalem', 159, 0, '2025-07-27 09:25:52'),
	(441, 'Kiryat Malakhi (Big Kastina)', 159, 1, '2025-07-27 09:25:52'),
	(442, 'Kfar Saba', 159, 1, '2025-07-27 09:25:52'),
	(443, 'Kiryat Ata', 159, 1, '2025-07-27 09:25:52'),
	(444, 'Tel Hanan (Nesher)', 159, 0, '2025-07-27 09:25:52'),
	(445, 'Netanya', 159, 1, '2025-07-27 09:25:52'),
	(446, 'Rishon Lezion', 159, 1, '2025-07-27 09:25:52'),
	(447, 'Ashdod', 159, 1, '2025-07-27 09:25:52'),
	(448, 'Ashdod (Rali)', 159, 1, '2025-07-27 09:25:52'),
	(449, 'Bat Yam', 159, 1, '2025-07-27 09:25:52'),
	(450, 'Carmiel', 159, 1, '2025-07-27 09:25:52'),
	(451, 'Haifa (Check Post)', 159, 1, '2025-07-27 09:25:52'),
	(452, 'Dimona', 159, 1, '2025-07-27 09:25:52'),
	(453, 'Hadera (Mul Hahof)', 159, 1, '2025-07-27 09:25:52'),
	(454, 'Hadera (Polygon)', 159, 1, '2025-07-27 09:25:52'),
	(455, 'Haifa (Grand Mall)', 159, 0, '2025-07-27 09:25:52'),
	(456, 'Haifa (Hadar)', 159, 1, '2025-07-27 09:25:52'),
	(457, 'Haifa (Haifa Mall)', 159, 1, '2025-07-27 09:25:52'),
	(458, 'Kiryat Gat', 159, 1, '2025-07-27 09:25:52'),
	(459, 'Petah Tikva', 159, 0, '2025-07-27 09:25:52'),
	(460, 'Raanana', 159, 1, '2025-07-27 09:25:52'),
	(461, 'Lod (Ramlod)', 159, 1, '2025-07-27 09:25:52'),
	(462, 'Sderot', 159, 1, '2025-07-27 09:25:52'),
	(463, 'Tarshiha', 159, 1, '2025-07-27 09:25:52'),
	(464, 'Tiberius', 159, 1, '2025-07-27 09:25:52'),
	(465, 'Ashdod (Kahalacha)', 159, 1, '2025-07-27 09:25:52'),
	(466, 'Kiryat Motzkin', 159, 1, '2025-07-27 09:25:52'),
	(467, 'Tiberius (Poriah)', 159, 1, '2025-07-27 09:25:52'),
	(468, 'Safed', 159, 0, '2025-07-27 09:25:52'),
	(469, 'Acre (Akko)', 159, 1, '2025-07-27 09:25:52'),
	(470, 'Arad (Arad Mall)', 159, 1, '2025-07-27 09:25:52'),
	(471, 'Ashkelon', 159, 1, '2025-07-27 09:25:52'),
	(472, 'Beit Shan', 159, 1, '2025-07-27 09:25:52'),
	(473, 'Bnei Brak (Ezra)', 159, 1, '2025-07-27 09:25:52'),
	(474, 'Kiryat Shmona', 159, 1, '2025-07-27 09:25:52'),
	(475, 'Migdal Haemek', 159, 1, '2025-07-27 09:25:52'),
	(476, 'Ramla', 159, 0, '2025-07-27 09:25:52'),
	(477, 'Yehud', 159, 1, '2025-07-27 09:25:52'),
	(478, 'Jerusalem (Kahalacha)', 159, 1, '2025-07-27 09:25:52'),
	(479, 'Modiin (Kahalacha)', 159, 1, '2025-07-27 09:25:52'),
	(480, 'Arad', 159, 1, '2025-07-27 09:25:52'),
	(481, 'Sakhnin', 159, 1, '2025-07-27 09:25:52'),
	(482, 'Elith 2', 159, 0, '2025-07-27 09:25:52'),
	(483, 'Eilat (Mivne)', 159, 1, '2025-07-27 09:25:52'),
	(484, 'Holon', 159, 1, '2025-07-27 09:25:52'),
	(485, 'Jerusalem (Talpiot)', 159, 1, '2025-07-27 09:25:52'),
	(486, 'Ofakim', 159, 1, '2025-07-27 09:25:52'),
	(487, 'Gedera', 159, 1, '2025-07-27 09:25:52'),
	(488, 'Deir al-Asad', 159, 1, '2025-07-27 09:25:52'),
	(489, 'Nazareth', 160, 0, '2025-07-27 09:25:52'),
	(490, 'Haifa (Zionut)', 160, 1, '2025-07-27 09:25:52'),
	(491, 'Hurfeish', 160, 1, '2025-07-27 09:25:52'),
	(492, 'Kfar Kana', 160, 1, '2025-07-27 09:25:52'),
	(493, 'Maaliya', 160, 1, '2025-07-27 09:25:52'),
	(494, 'Daliyat Al-Karmel', 160, 1, '2025-07-27 09:25:52'),
	(495, 'Haifa (Hahistadrut)', 160, 1, '2025-07-27 09:25:52'),
	(496, 'Ofakim', 161, 1, '2025-07-27 09:25:52'),
	(497, 'Majdal Shams', 162, 1, '2025-07-27 09:25:52'),
	(498, 'Mevaseret', 163, 0, '2025-07-27 09:25:52'),
	(499, 'Jerusalem', 163, 1, '2025-07-27 09:25:52'),
	(500, 'Bnei Brak', 164, 0, '2025-07-27 09:25:52');

-- Dumping structure for table lg.companies
CREATE TABLE IF NOT EXISTS `companies` (
  `id` int NOT NULL AUTO_INCREMENT,
  `company_code` varchar(10) NOT NULL,
  `created_at` timestamp NULL DEFAULT CURRENT_TIMESTAMP,
  PRIMARY KEY (`id`),
  UNIQUE KEY `company_code` (`company_code`)
) ENGINE=InnoDB AUTO_INCREMENT=6 DEFAULT CHARSET=utf8mb4 COLLATE=utf8mb4_0900_ai_ci;

-- Dumping data for table lg.companies: ~0 rows (approximately)
INSERT INTO `companies` (`id`, `company_code`, `created_at`) VALUES
	(1, 'LG', '2025-07-27 09:31:23'),
	(2, 'SS', '2025-07-27 09:31:23'),
	(3, 'BS', '2025-07-27 09:31:23'),
	(4, 'SP', '2025-07-27 09:31:23'),
	(5, 'ALL', '2025-07-27 09:31:23');

-- Dumping structure for table lg.inventory_entries
CREATE TABLE IF NOT EXISTS `inventory_entries` (
  `id` int NOT NULL AUTO_INCREMENT,
  `entry_date` datetime DEFAULT CURRENT_TIMESTAMP,
  `user_id` int NOT NULL,
  `shop_id` int NOT NULL,
  `branch_id` int NOT NULL,
  `item_id` int NOT NULL,
  `amount` int NOT NULL DEFAULT '0',
  `notes` text,
  `created_at` timestamp NULL DEFAULT CURRENT_TIMESTAMP,
  PRIMARY KEY (`id`),
  KEY `user_id` (`user_id`),
  KEY `shop_id` (`shop_id`),
  KEY `branch_id` (`branch_id`),
  KEY `item_id` (`item_id`),
  CONSTRAINT `inventory_entries_ibfk_1` FOREIGN KEY (`user_id`) REFERENCES `users` (`id`),
  CONSTRAINT `inventory_entries_ibfk_2` FOREIGN KEY (`shop_id`) REFERENCES `shops` (`id`),
  CONSTRAINT `inventory_entries_ibfk_3` FOREIGN KEY (`branch_id`) REFERENCES `branches` (`id`),
  CONSTRAINT `inventory_entries_ibfk_4` FOREIGN KEY (`item_id`) REFERENCES `items` (`id`)
) ENGINE=InnoDB AUTO_INCREMENT=48 DEFAULT CHARSET=utf8mb4 COLLATE=utf8mb4_0900_ai_ci;

-- Dumping data for table lg.inventory_entries: ~21 rows (approximately)
INSERT INTO `inventory_entries` (`id`, `entry_date`, `user_id`, `shop_id`, `branch_id`, `item_id`, `amount`, `notes`, `created_at`) VALUES
	(9, '2025-07-27 00:00:00', 1, 17, 48, 2, 1, NULL, '2025-07-27 19:57:51'),
	(10, '2025-07-28 00:00:00', 1, 1, 1, 49, 1, NULL, '2025-07-28 03:50:33'),
	(11, '2025-07-28 00:00:00', 1, 1, 1, 478, 12, NULL, '2025-07-28 03:52:00'),
	(12, '2025-07-28 00:00:00', 1, 17, 61, 136, 1, NULL, '2025-07-28 07:29:09'),
	(13, '2025-07-28 00:00:00', 1, 17, 61, 62, 1, NULL, '2025-07-28 07:29:24'),
	(14, '2025-07-28 00:00:00', 1, 17, 61, 21, 1, NULL, '2025-07-28 07:32:02'),
	(15, '2025-07-28 00:00:00', 1, 17, 61, 49, 1, NULL, '2025-07-28 07:32:23'),
	(16, '2025-07-28 00:00:00', 1, 17, 61, 48, 1, NULL, '2025-07-28 07:40:32'),
	(17, '2025-07-28 00:00:00', 1, 17, 61, 12, 1, NULL, '2025-07-28 07:40:40'),
	(18, '2025-07-28 00:00:00', 1, 17, 61, 50, 1, NULL, '2025-07-28 07:40:51'),
	(19, '2025-07-28 00:00:00', 1, 17, 61, 478, 10, NULL, '2025-07-28 07:42:39'),
	(20, '2025-07-28 00:00:00', 1, 17, 61, 210, 1, NULL, '2025-07-28 07:42:56'),
	(21, '2025-07-28 00:00:00', 1, 3, 3, 269, 1, NULL, '2025-07-28 07:45:00'),
	(22, '2025-07-28 00:00:00', 1, 3, 3, 479, 7, NULL, '2025-07-28 07:45:17'),
	(23, '2025-07-28 00:00:00', 1, 1, 1, 446, 1, NULL, '2025-07-28 08:00:18'),
	(24, '2025-07-28 00:00:00', 1, 1, 1, 447, 1, NULL, '2025-07-28 08:00:29'),
	(25, '2025-07-28 00:00:00', 1, 1, 1, 443, 1, NULL, '2025-07-28 08:01:02'),
	(26, '2025-07-28 00:00:00', 1, 1, 1, 445, 1, NULL, '2025-07-28 08:01:14'),
	(27, '2025-07-28 00:00:00', 1, 1, 1, 481, 66, NULL, '2025-07-28 08:01:29'),
	(28, '2025-07-28 00:00:00', 1, 3, 3, 268, 1, NULL, '2025-07-28 08:02:31'),
	(29, '2025-07-28 00:00:00', 1, 3, 3, 310, 1, NULL, '2025-07-28 08:02:39'),
	(30, '2025-07-28 00:00:00', 1, 1, 1, 476, 1, NULL, '2025-07-28 08:13:36'),
	(31, '2025-07-28 00:00:00', 1, 1, 1, 470, 1, NULL, '2025-07-28 08:13:52'),
	(32, '2025-07-28 00:00:00', 1, 5, 6, 353, 1, NULL, '2025-07-28 08:22:41'),
	(33, '2025-07-28 00:00:00', 1, 5, 6, 426, 1, NULL, '2025-07-28 08:22:47'),
	(34, '2025-07-28 00:00:00', 1, 5, 6, 480, 22, NULL, '2025-07-28 08:22:58'),
	(35, '2025-07-28 00:00:00', 1, 10, 21, 478, 6, NULL, '2025-07-28 08:26:45'),
	(36, '2025-07-28 00:00:00', 1, 1, 1, 450, 1, NULL, '2025-07-28 09:11:17'),
	(37, '2025-07-28 00:00:00', 1, 3, 3, 327, 1, NULL, '2025-07-28 09:22:49'),
	(38, '2025-07-28 00:00:00', 1, 17, 45, 330, 1, 'dreck', '2025-07-28 09:39:32'),
	(39, '2025-07-28 00:00:00', 1, 17, 47, 446, 1, 'asas', '2025-07-28 09:44:07'),
	(40, '2025-07-28 00:00:00', 1, 17, 47, 447, 1, 'mh8', '2025-07-28 09:44:24'),
	(41, '2025-07-28 00:00:00', 1, 17, 47, 481, 12, NULL, '2025-07-28 09:44:42'),
	(42, '2025-07-28 00:00:00', 1, 17, 47, 445, 1, NULL, '2025-07-28 09:45:00'),
	(43, '2025-07-28 00:00:00', 1, 17, 39, 31, 1, 'Fack', '2025-07-28 10:03:06'),
	(44, '2025-07-28 00:00:00', 1, 10, 20, 445, 1, NULL, '2025-07-28 10:21:25'),
	(45, '2025-07-28 00:00:00', 1, 25, 95, 478, 33, NULL, '2025-07-28 10:23:42'),
	(46, '2025-07-28 00:00:00', 1, 17, 62, 18, 1, 'Ggg', '2025-07-28 10:27:42'),
	(47, '2025-07-28 00:00:00', 1, 45, 160, 153, 1, 'Yyy', '2025-07-28 10:35:37');

-- Dumping structure for table lg.items
CREATE TABLE IF NOT EXISTS `items` (
  `id` int NOT NULL AUTO_INCREMENT,
  `item_code` varchar(200) NOT NULL,
  `product_category_id` int NOT NULL,
  `company_id` int NOT NULL,
  `created_at` timestamp NULL DEFAULT CURRENT_TIMESTAMP,
  PRIMARY KEY (`id`),
  UNIQUE KEY `item_code` (`item_code`),
  KEY `product_category_id` (`product_category_id`),
  KEY `company_id` (`company_id`),
  CONSTRAINT `items_ibfk_1` FOREIGN KEY (`product_category_id`) REFERENCES `product_categories` (`id`),
  CONSTRAINT `items_ibfk_2` FOREIGN KEY (`company_id`) REFERENCES `companies` (`id`)
) ENGINE=InnoDB AUTO_INCREMENT=482 DEFAULT CHARSET=utf8mb4 COLLATE=utf8mb4_0900_ai_ci;

-- Dumping data for table lg.items: ~481 rows (approximately)
INSERT INTO `items` (`id`, `item_code`, `product_category_id`, `company_id`, `created_at`) VALUES
	(1, 'R-4D760MDUP', 1, 1, '2025-07-27 09:42:49'),
	(2, 'GR-X920INS', 1, 1, '2025-07-27 09:42:49'),
	(3, 'GR-930BINS', 1, 1, '2025-07-27 09:42:49'),
	(4, 'GR-930BDIS', 1, 1, '2025-07-27 09:42:49'),
	(5, 'GR-B919S', 1, 1, '2025-07-27 09:42:49'),
	(6, 'GR-929B', 1, 1, '2025-07-27 09:42:49'),
	(7, 'GR-X720INS', 1, 1, '2025-07-27 09:42:49'),
	(8, 'GR-730BINS', 1, 1, '2025-07-27 09:42:49'),
	(9, 'GR-J720XDID', 1, 1, '2025-07-27 09:42:49'),
	(10, 'GR-730BDIS', 1, 1, '2025-07-27 09:42:49'),
	(11, 'GR-B718MB', 1, 1, '2025-07-27 09:42:49'),
	(12, 'GR-728B', 1, 1, '2025-07-27 09:42:49'),
	(13, 'GR-B718XL', 1, 1, '2025-07-27 09:42:49'),
	(14, 'GR-728S', 1, 1, '2025-07-27 09:42:49'),
	(15, 'GR-B618SE', 1, 1, '2025-07-27 09:42:49'),
	(16, 'GR-B628BE', 1, 1, '2025-07-27 09:42:49'),
	(17, 'GR-608WEDID', 1, 1, '2025-07-27 09:42:49'),
	(18, 'GR-608BEDID', 1, 1, '2025-07-27 09:42:49'),
	(19, 'GR-B470BE', 1, 1, '2025-07-27 09:42:49'),
	(20, 'R-3D288BINS', 1, 1, '2025-07-27 09:42:49'),
	(21, 'GR-B278SE', 1, 1, '2025-07-27 09:42:49'),
	(22, 'R-2B394BINS', 1, 1, '2025-07-27 09:42:49'),
	(23, 'GM-859RSCE', 1, 1, '2025-07-27 09:42:49'),
	(24, 'QS-2B869', 1, 1, '2025-07-27 09:42:49'),
	(25, 'GM-859RWCE', 1, 1, '2025-07-27 09:42:49'),
	(26, 'QW-2B869', 1, 1, '2025-07-27 09:42:49'),
	(27, 'GR-B479BF', 1, 1, '2025-07-27 09:42:49'),
	(28, 'R-2B479B', 1, 1, '2025-07-27 09:42:49'),
	(29, 'GR-B374WG', 1, 1, '2025-07-27 09:42:49'),
	(30, 'GR-B374BG', 1, 1, '2025-07-27 09:42:49'),
	(31, 'GR-344SD', 1, 1, '2025-07-27 09:42:49'),
	(32, 'GV-B86BSE', 1, 1, '2025-07-27 09:42:49'),
	(33, 'GV-B85STE', 1, 1, '2025-07-27 09:42:49'),
	(34, 'GV-B84PSE', 1, 1, '2025-07-27 09:42:49'),
	(35, 'GR-M6781BU', 1, 1, '2025-07-27 09:42:49'),
	(36, 'GR-M6781SU', 1, 1, '2025-07-27 09:42:49'),
	(37, 'GR-M6781WU', 1, 1, '2025-07-27 09:42:49'),
	(38, 'GR-M6981SE', 1, 1, '2025-07-27 09:42:49'),
	(39, 'GR-M6981WE', 1, 1, '2025-07-27 09:42:49'),
	(40, 'GR-B486IVSU', 1, 1, '2025-07-27 09:42:49'),
	(41, 'GR-B6681SE', 1, 1, '2025-07-27 09:42:49'),
	(42, 'GR-M6682SE', 1, 1, '2025-07-27 09:42:49'),
	(43, 'GR-B445XE', 1, 1, '2025-07-27 09:42:49'),
	(44, 'GR-B435XE', 1, 1, '2025-07-27 09:42:49'),
	(45, 'GR-729BINS', 1, 1, '2025-07-27 09:42:49'),
	(46, 'GR-729SINS', 1, 1, '2025-07-27 09:42:49'),
	(47, 'GR-251INS', 1, 1, '2025-07-27 09:42:49'),
	(48, 'GR-B265MM', 1, 1, '2025-07-27 09:42:49'),
	(49, 'GM-652RSC/RWCE', 1, 1, '2025-07-27 09:42:49'),
	(50, 'GM-U701RSC', 1, 1, '2025-07-27 09:42:49'),
	(51, 'BRZ227205', 1, 2, '2025-07-27 09:42:49'),
	(52, 'RR39T7415', 1, 2, '2025-07-27 09:42:49'),
	(53, 'RZ24T5600', 1, 2, '2025-07-27 09:42:49'),
	(54, 'RZ32T7405', 1, 2, '2025-07-27 09:42:49'),
	(55, 'RZ32C7600', 1, 2, '2025-07-27 09:42:49'),
	(56, 'RR39C7650', 1, 2, '2025-07-27 09:42:49'),
	(57, 'RS757LHQESR', 1, 2, '2025-07-27 09:42:49'),
	(58, 'RS68DG5453S9', 1, 2, '2025-07-27 09:42:49'),
	(59, 'RS68A8821', 1, 2, '2025-07-27 09:42:49'),
	(60, 'RF60C7012SL', 1, 2, '2025-07-27 09:42:49'),
	(61, 'RF60A7001', 1, 2, '2025-07-27 09:42:49'),
	(62, 'RF60J9001', 1, 2, '2025-07-27 09:42:49'),
	(63, 'RF62A7055', 1, 2, '2025-07-27 09:42:49'),
	(64, 'RF65A9011 SL', 1, 2, '2025-07-27 09:42:49'),
	(65, 'RF65A9011 BK', 1, 2, '2025-07-27 09:42:49'),
	(66, 'RF70A9115', 1, 2, '2025-07-27 09:42:49'),
	(67, 'RF70DB9125', 1, 2, '2025-07-27 09:42:49'),
	(68, 'RF70T9113', 1, 2, '2025-07-27 09:42:49'),
	(69, 'RF71A9132', 1, 2, '2025-07-27 09:42:49'),
	(70, 'RF72A9670', 1, 2, '2025-07-27 09:42:49'),
	(71, 'RF72DG9620', 1, 2, '2025-07-27 09:42:49'),
	(72, 'RF77A9775', 1, 2, '2025-07-27 09:42:49'),
	(73, 'RF82A9671', 1, 2, '2025-07-27 09:42:49'),
	(74, 'RF82DG9621', 1, 2, '2025-07-27 09:42:49'),
	(75, 'RF83DB9025', 1, 2, '2025-07-27 09:42:49'),
	(76, 'RF85A9110', 1, 2, '2025-07-27 09:42:49'),
	(77, 'RF85A9120', 1, 2, '2025-07-27 09:42:49'),
	(78, 'RF86A9220', 1, 2, '2025-07-27 09:42:49'),
	(79, 'RF87A9771', 1, 2, '2025-07-27 09:42:49'),
	(80, 'RF87DG9817B1', 1, 2, '2025-07-27 09:42:49'),
	(81, 'RF88DB9623BK', 1, 2, '2025-07-27 09:42:49'),
	(82, 'RF90A9015', 1, 2, '2025-07-27 09:42:49'),
	(83, 'RF90T9013', 1, 2, '2025-07-27 09:42:49'),
	(84, 'RF92A9223', 1, 2, '2025-07-27 09:42:49'),
	(85, 'RF27T5001', 1, 2, '2025-07-27 09:42:49'),
	(86, 'RF29T5221', 1, 2, '2025-07-27 09:42:49'),
	(87, 'RF55A5002', 1, 2, '2025-07-27 09:42:49'),
	(88, 'RF57C5100', 1, 2, '2025-07-27 09:42:49'),
	(89, 'BRB266030', 1, 2, '2025-07-27 09:42:49'),
	(90, 'BRB26705EWW', 1, 2, '2025-07-27 09:42:49'),
	(91, 'RB32J3000', 1, 2, '2025-07-27 09:42:49'),
	(92, 'RB33T3104', 1, 2, '2025-07-27 09:42:49'),
	(93, 'RB33A3664', 1, 2, '2025-07-27 09:42:49'),
	(94, 'RB34J3000', 1, 2, '2025-07-27 09:42:49'),
	(95, 'RB34J3200', 1, 2, '2025-07-27 09:42:49'),
	(96, 'RB35A6222', 1, 2, '2025-07-27 09:42:49'),
	(97, 'RB35C6225', 1, 2, '2025-07-27 09:42:49'),
	(98, 'RB52RS334', 1, 2, '2025-07-27 09:42:49'),
	(99, 'RB60RS356', 1, 2, '2025-07-27 09:42:49'),
	(100, 'RL5352FBA', 1, 2, '2025-07-27 09:42:49'),
	(101, 'RT31CG5004', 1, 2, '2025-07-27 09:42:49'),
	(102, 'RT53K6200S9', 1, 2, '2025-07-27 09:42:49'),
	(103, 'RT31K5014', 1, 2, '2025-07-27 09:42:49'),
	(104, 'RT32CG5424', 1, 2, '2025-07-27 09:42:49'),
	(105, 'RT37K5012', 1, 2, '2025-07-27 09:42:49'),
	(106, 'RT35CG5004', 1, 2, '2025-07-27 09:42:49'),
	(107, 'RT42CG6004', 1, 2, '2025-07-27 09:42:49'),
	(108, 'RT43CG6424', 1, 2, '2025-07-27 09:42:49'),
	(109, 'RT46K6000', 1, 2, '2025-07-27 09:42:49'),
	(110, 'RT46K6331', 1, 2, '2025-07-27 09:42:49'),
	(111, 'RT47CG6006', 1, 2, '2025-07-27 09:42:49'),
	(112, 'RT48CB6626', 1, 2, '2025-07-27 09:42:49'),
	(113, 'RT50K6000S8', 1, 2, '2025-07-27 09:42:49'),
	(114, 'RT46K6030S8', 1, 2, '2025-07-27 09:42:49'),
	(115, 'RT50K6330', 1, 2, '2025-07-27 09:42:49'),
	(116, 'RT50K6331', 1, 2, '2025-07-27 09:42:49'),
	(117, 'RT50K6335', 1, 2, '2025-07-27 09:42:49'),
	(118, 'RT53K6000', 1, 2, '2025-07-27 09:42:49'),
	(119, 'RT53K6331', 1, 2, '2025-07-27 09:42:49'),
	(120, 'RT53K6340', 1, 2, '2025-07-27 09:42:49'),
	(121, 'RT53DG7A64B1', 1, 2, '2025-07-27 09:42:49'),
	(122, 'RT53DG7A14', 1, 2, '2025-07-27 09:42:49'),
	(123, 'RT58K7040', 1, 2, '2025-07-27 09:42:49'),
	(124, 'RT58K7044', 1, 2, '2025-07-27 09:42:49'),
	(125, 'RT62K7040', 1, 2, '2025-07-27 09:42:49'),
	(126, 'RT62K7044', 1, 2, '2025-07-27 09:42:49'),
	(127, 'RT62C7058', 1, 2, '2025-07-27 09:42:49'),
	(128, 'SJ-9831', 1, 4, '2025-07-27 09:42:49'),
	(129, 'SJ-9160', 1, 4, '2025-07-27 09:42:49'),
	(130, 'SJ-9270', 1, 4, '2025-07-27 09:42:49'),
	(131, 'SJ-9620', 1, 4, '2025-07-27 09:42:49'),
	(132, 'SJ-9630', 1, 4, '2025-07-27 09:42:49'),
	(133, 'SJ-9730 ~ 4', 1, 4, '2025-07-27 09:42:49'),
	(134, 'SJ-8420', 1, 4, '2025-07-27 09:42:49'),
	(135, 'SJ-8430', 1, 4, '2025-07-27 09:42:49'),
	(136, 'SJ-8435', 1, 4, '2025-07-27 09:42:49'),
	(137, 'SJ-8570', 1, 4, '2025-07-27 09:42:49'),
	(138, 'SJ-8590', 1, 4, '2025-07-27 09:42:49'),
	(139, 'SJ-8620', 1, 4, '2025-07-27 09:42:49'),
	(140, 'SJ-8695', 1, 4, '2025-07-27 09:42:49'),
	(141, 'SJ-8720', 1, 4, '2025-07-27 09:42:49'),
	(142, 'SJ-8801', 1, 4, '2025-07-27 09:42:49'),
	(143, 'SJ-8811', 1, 4, '2025-07-27 09:42:49'),
	(144, 'SJ-8841', 1, 4, '2025-07-27 09:42:49'),
	(145, 'SJ-8910 ~ 2', 1, 4, '2025-07-27 09:42:49'),
	(146, 'SJ-8942', 1, 4, '2025-07-27 09:42:49'),
	(147, 'SJ-8950', 1, 4, '2025-07-27 09:42:49'),
	(148, 'SJ-8960', 1, 4, '2025-07-27 09:42:49'),
	(149, 'SJ-2269', 1, 4, '2025-07-27 09:42:49'),
	(150, 'SJ-FS87V', 1, 4, '2025-07-27 09:42:49'),
	(151, 'SJ-FER87V', 1, 4, '2025-07-27 09:42:49'),
	(152, 'SJ-FP85V', 1, 4, '2025-07-27 09:42:49'),
	(153, 'SJ-3770', 1, 4, '2025-07-27 09:42:49'),
	(154, 'SJ-2131', 1, 4, '2025-07-27 09:42:49'),
	(155, 'SJ-2369', 1, 4, '2025-07-27 09:42:49'),
	(156, 'SJ-S3830', 1, 4, '2025-07-27 09:42:49'),
	(157, 'SJ-4360', 1, 4, '2025-07-27 09:42:49'),
	(158, 'SJ-3655', 1, 4, '2025-07-27 09:42:49'),
	(159, 'SJ-GV63', 1, 4, '2025-07-27 09:42:49'),
	(160, 'SJ-58C', 1, 4, '2025-07-27 09:42:49'),
	(161, 'SJ-SE70D', 1, 4, '2025-07-27 09:42:49'),
	(162, 'SJ-3840', 1, 4, '2025-07-27 09:42:49'),
	(163, 'SJ-3850', 1, 4, '2025-07-27 09:42:49'),
	(164, 'SJ-SE75', 1, 4, '2025-07-27 09:42:49'),
	(165, 'SJ-4660', 1, 4, '2025-07-27 09:42:49'),
	(166, 'SJ-2375', 1, 4, '2025-07-27 09:42:49'),
	(167, 'SJ-SER75D', 1, 4, '2025-07-27 09:42:49'),
	(168, 'SJ-4650', 1, 4, '2025-07-27 09:42:49'),
	(169, 'SJ-3650', 1, 4, '2025-07-27 09:42:49'),
	(170, 'SJ-PV69G', 1, 4, '2025-07-27 09:42:49'),
	(171, 'SJ-5878', 1, 4, '2025-07-27 09:42:49'),
	(172, 'SJ-5778', 1, 4, '2025-07-27 09:42:49'),
	(173, 'F1607WDE', 2, 1, '2025-07-27 09:42:49'),
	(174, 'F1607BDE', 2, 1, '2025-07-27 09:42:49'),
	(175, 'WFS8214GBB', 2, 1, '2025-07-27 09:42:49'),
	(176, 'VB8014WH', 2, 1, '2025-07-27 09:42:49'),
	(177, 'F1608WD', 2, 1, '2025-07-27 09:42:49'),
	(178, 'F1608BD', 2, 1, '2025-07-27 09:42:49'),
	(179, 'F0854SE', 2, 1, '2025-07-27 09:42:49'),
	(180, 'VB9014WH', 2, 1, '2025-07-27 09:42:49'),
	(181, 'WFS9014WW', 2, 1, '2025-07-27 09:42:49'),
	(182, 'WF9214GBB', 2, 1, '2025-07-27 09:42:49'),
	(183, 'F01409WBG', 2, 1, '2025-07-27 09:42:49'),
	(184, 'F1409SWE', 2, 1, '2025-07-27 09:42:49'),
	(185, 'WF10214GBB', 2, 1, '2025-07-27 09:42:49'),
	(186, 'F16105SBDE', 2, 1, '2025-07-27 09:42:49'),
	(187, 'F16105SWDE', 2, 1, '2025-07-27 09:42:49'),
	(188, 'F16105SE', 2, 1, '2025-07-27 09:42:49'),
	(189, 'WF11114WBW', 2, 1, '2025-07-27 09:42:49'),
	(190, 'WF11114WBB', 2, 1, '2025-07-27 09:42:49'),
	(191, 'WF11214GBB', 2, 1, '2025-07-27 09:42:49'),
	(192, 'F1612SBSE', 2, 1, '2025-07-27 09:42:49'),
	(193, 'F1612SWTE', 2, 1, '2025-07-27 09:42:49'),
	(194, 'WF13314GBC', 2, 1, '2025-07-27 09:42:49'),
	(195, 'WF13314WBC', 2, 1, '2025-07-27 09:42:49'),
	(196, 'WFS14110WB', 2, 1, '2025-07-27 09:42:49'),
	(197, 'WF16210WB', 2, 1, '2025-07-27 09:42:49'),
	(198, 'F1696SWDE', 2, 1, '2025-07-27 09:42:49'),
	(199, 'F16107WDE', 2, 1, '2025-07-27 09:42:49'),
	(200, 'WD11614GBB', 2, 1, '2025-07-27 09:42:49'),
	(201, 'WT30', 2, 1, '2025-07-27 09:42:49'),
	(202, 'WT40', 2, 1, '2025-07-27 09:42:49'),
	(203, 'WFS8014WW', 2, 1, '2025-07-27 09:42:49'),
	(204, 'WF9014WW', 2, 1, '2025-07-27 09:42:49'),
	(205, 'WF10014WB', 2, 1, '2025-07-27 09:42:49'),
	(206, 'WF10114WBW', 2, 1, '2025-07-27 09:42:49'),
	(207, 'WFS8014WB', 2, 1, '2025-07-27 09:42:49'),
	(208, 'WF9014WB', 2, 1, '2025-07-27 09:42:49'),
	(209, 'F2Y5PYW3W', 2, 1, '2025-07-27 09:42:49'),
	(210, 'F4Y5VYW3W', 2, 1, '2025-07-27 09:42:49'),
	(211, 'F4Y5RYW0WY', 2, 1, '2025-07-27 09:42:49'),
	(212, 'F015TOPBD', 2, 1, '2025-07-27 09:42:49'),
	(213, 'FD1609BD', 2, 1, '2025-07-27 09:42:49'),
	(214, 'FD1809GB', 2, 1, '2025-07-27 09:42:49'),
	(215, 'WW70T4540', 2, 2, '2025-07-27 09:42:49'),
	(216, 'WW7HJ4263', 2, 2, '2025-07-27 09:42:49'),
	(217, 'WW7ST4041', 2, 2, '2025-07-27 09:42:49'),
	(218, 'WW7ST4043', 2, 2, '2025-07-27 09:42:49'),
	(219, 'WW7ST4541', 2, 2, '2025-07-27 09:42:49'),
	(220, 'WW7ST4542', 2, 2, '2025-07-27 09:42:49'),
	(221, 'WW7ST4543', 2, 2, '2025-07-27 09:42:49'),
	(222, 'WW8CGC045AE', 2, 2, '2025-07-27 09:42:49'),
	(223, 'WW8ST3046 ', 2, 2, '2025-07-27 09:42:49'),
	(224, 'WW8ST4020', 2, 2, '2025-07-27 09:42:49'),
	(225, 'WW8ST4041', 2, 2, '2025-07-27 09:42:49'),
	(226, 'WW8ST4043', 2, 2, '2025-07-27 09:42:49'),
	(227, 'WW8ST4541', 2, 2, '2025-07-27 09:42:49'),
	(228, 'WW8ST4542', 2, 2, '2025-07-27 09:42:49'),
	(229, 'WW8ST4543', 2, 2, '2025-07-27 09:42:49'),
	(230, 'WW8ST5541', 2, 2, '2025-07-27 09:42:49'),
	(231, 'WW8ST5543', 2, 2, '2025-07-27 09:42:49'),
	(232, 'WW8ST6842', 2, 2, '2025-07-27 09:42:49'),
	(233, 'WW8STA040', 2, 2, '2025-07-27 09:42:49'),
	(234, 'WW8STA046', 2, 2, '2025-07-27 09:42:49'),
	(235, 'WW90T504D', 2, 2, '2025-07-27 09:42:49'),
	(236, 'WW9ST3046 ', 2, 2, '2025-07-27 09:42:49'),
	(237, 'WW9ST4540', 2, 2, '2025-07-27 09:42:49'),
	(238, 'WW9ST4542', 2, 2, '2025-07-27 09:42:49'),
	(239, 'WW9ST4543', 2, 2, '2025-07-27 09:42:49'),
	(240, 'WW9ST5541', 2, 2, '2025-07-27 09:42:49'),
	(241, 'WW9ST5543', 2, 2, '2025-07-27 09:42:49'),
	(242, 'WW9STA040', 2, 2, '2025-07-27 09:42:49'),
	(243, 'WW9STA046', 2, 2, '2025-07-27 09:42:49'),
	(244, 'WW90CGC045', 2, 2, '2025-07-27 09:42:49'),
	(245, 'WW1ST6244', 2, 2, '2025-07-27 09:42:49'),
	(246, 'WW1ST6540', 2, 2, '2025-07-27 09:42:49'),
	(247, 'WW11BB5044', 2, 2, '2025-07-27 09:42:49'),
	(248, 'WW11BB9445', 2, 2, '2025-07-27 09:42:49'),
	(249, 'WW11CGC04', 2, 2, '2025-07-27 09:42:49'),
	(250, 'WD11DG5B15BB', 2, 2, '2025-07-27 09:42:49'),
	(251, 'WF16T9500', 2, 2, '2025-07-27 09:42:49'),
	(252, 'WDST654DBEK', 2, 2, '2025-07-27 09:42:49'),
	(253, 'WD9ST6542', 2, 2, '2025-07-27 09:42:49'),
	(254, 'WD16T6500', 2, 2, '2025-07-27 09:42:49'),
	(255, 'WAN24250', 2, 3, '2025-07-27 09:42:49'),
	(256, 'WAN20171', 2, 3, '2025-07-27 09:42:49'),
	(257, 'WAN20061', 2, 3, '2025-07-27 09:42:49'),
	(258, 'WAN20062', 2, 3, '2025-07-27 09:42:49'),
	(259, 'WAN20052', 2, 3, '2025-07-27 09:42:49'),
	(260, 'WAN24171', 2, 3, '2025-07-27 09:42:49'),
	(261, 'WAN24269', 2, 3, '2025-07-27 09:42:49'),
	(262, 'WAN20091', 2, 3, '2025-07-27 09:42:49'),
	(263, 'WAN28278', 2, 3, '2025-07-27 09:42:49'),
	(264, 'WAN28178', 2, 3, '2025-07-27 09:42:49'),
	(265, 'WAT24460', 2, 3, '2025-07-27 09:42:49'),
	(266, 'WAT24S60', 2, 3, '2025-07-27 09:42:49'),
	(267, 'WAN24158', 2, 3, '2025-07-27 09:42:49'),
	(268, 'WAN24200', 2, 3, '2025-07-27 09:42:49'),
	(269, 'WAN2425', 2, 3, '2025-07-27 09:42:49'),
	(270, 'WAN24270', 2, 3, '2025-07-27 09:42:49'),
	(271, 'WAN24271', 2, 3, '2025-07-27 09:42:49'),
	(272, 'WAN28271', 2, 3, '2025-07-27 09:42:49'),
	(273, 'WAN28270', 2, 3, '2025-07-27 09:42:49'),
	(274, 'WAN28280 BY', 2, 3, '2025-07-27 09:42:49'),
	(275, 'WAW24468', 2, 3, '2025-07-27 09:42:49'),
	(276, 'WAW28460', 2, 3, '2025-07-27 09:42:49'),
	(277, 'WAW20468', 2, 3, '2025-07-27 09:42:49'),
	(278, 'WAW28468', 2, 3, '2025-07-27 09:42:49'),
	(279, 'WAK24260', 2, 3, '2025-07-27 09:42:49'),
	(280, 'WAT28481', 2, 3, '2025-07-27 09:42:49'),
	(281, 'WAT24482', 2, 3, '2025-07-27 09:42:49'),
	(282, 'WAN2820FPL', 2, 3, '2025-07-27 09:42:49'),
	(283, 'WAN2408AP', 2, 3, '2025-07-27 09:42:49'),
	(284, 'WAN2438', 2, 3, '2025-07-27 09:42:49'),
	(285, 'WAN2403', 2, 3, '2025-07-27 09:42:49'),
	(286, 'WAN24068', 2, 3, '2025-07-27 09:42:49'),
	(287, 'WAN24098', 2, 3, '2025-07-27 09:42:49'),
	(288, 'WAN24058', 2, 3, '2025-07-27 09:42:49'),
	(289, 'WAJ240L3SN', 2, 3, '2025-07-27 09:42:49'),
	(290, 'WAU24U00', 2, 3, '2025-07-27 09:42:49'),
	(291, 'WAW24469', 2, 3, '2025-07-27 09:42:49'),
	(292, 'WAW28469', 2, 3, '2025-07-27 09:42:49'),
	(293, 'WAN28289', 2, 3, '2025-07-27 09:42:49'),
	(294, 'WAT24491 ', 2, 3, '2025-07-27 09:42:49'),
	(295, 'WG44G201', 2, 3, '2025-07-27 09:42:49'),
	(296, 'WGB24409', 2, 3, '2025-07-27 09:42:49'),
	(297, 'WQG2419', 2, 3, '2025-07-27 09:42:49'),
	(298, 'WGA142X9', 2, 3, '2025-07-27 09:42:49'),
	(299, 'WGA144X9IL', 2, 3, '2025-07-27 09:42:49'),
	(300, 'WAV28M33', 2, 3, '2025-07-27 09:42:49'),
	(301, 'WGG0420GPL', 2, 3, '2025-07-27 09:42:49'),
	(302, 'WGG14202', 2, 3, '2025-07-27 09:42:49'),
	(303, 'WGG14203', 2, 3, '2025-07-27 09:42:49'),
	(304, 'WGG14204', 2, 3, '2025-07-27 09:42:49'),
	(305, 'WGG24404', 2, 3, '2025-07-27 09:42:49'),
	(306, 'WGG24405', 2, 3, '2025-07-27 09:42:49'),
	(307, 'WGG244120', 2, 3, '2025-07-27 09:42:49'),
	(308, 'WGG242Z0IL', 2, 3, '2025-07-27 09:42:49'),
	(309, 'WAN2429KPL', 2, 3, '2025-07-27 09:42:49'),
	(310, 'WAN24159', 2, 3, '2025-07-27 09:42:49'),
	(311, 'WAN2419EPL', 2, 3, '2025-07-27 09:42:49'),
	(312, 'WAN28020SN', 2, 3, '2025-07-27 09:42:49'),
	(313, 'WAN2827FPL', 2, 3, '2025-07-27 09:42:49'),
	(314, 'WAN24169', 2, 3, '2025-07-27 09:42:49'),
	(315, 'WGG154021', 2, 3, '2025-07-27 09:42:49'),
	(316, 'WAX32M10', 2, 3, '2025-07-27 09:42:49'),
	(317, 'WGB256A40', 2, 3, '2025-07-27 09:42:49'),
	(318, 'WGG256MM', 2, 3, '2025-07-27 09:42:49'),
	(319, 'WGG254Z9', 2, 3, '2025-07-27 09:42:49'),
	(320, 'WGG25402', 2, 3, '2025-07-27 09:42:49'),
	(321, 'DFB325HS', 3, 1, '2025-07-27 09:42:49'),
	(322, 'DFC335HM', 3, 1, '2025-07-27 09:42:49'),
	(323, 'DFC335HP', 3, 1, '2025-07-27 09:42:49'),
	(324, 'DFB425FP', 3, 1, '2025-07-27 09:42:49'),
	(325, 'DFC435FP', 3, 1, '2025-07-27 09:42:49'),
	(326, 'DFB512FP', 3, 1, '2025-07-27 09:42:49'),
	(327, 'DFC512FPE', 3, 1, '2025-07-27 09:42:49'),
	(328, 'DFC513FV', 3, 1, '2025-07-27 09:42:49'),
	(329, 'DFC513FM', 3, 1, '2025-07-27 09:42:49'),
	(330, 'DBC435TSL', 3, 1, '2025-07-27 09:42:49'),
	(331, 'DBC512TSE', 3, 1, '2025-07-27 09:42:49'),
	(332, 'DBC513TS', 3, 1, '2025-07-27 09:42:49'),
	(333, 'DW60BS7300', 3, 2, '2025-07-27 09:42:49'),
	(334, 'DW60BS8505', 3, 2, '2025-07-27 09:42:49'),
	(335, 'DW60BS7513', 3, 2, '2025-07-27 09:42:49'),
	(336, 'DW60BS7503', 3, 2, '2025-07-27 09:42:49'),
	(337, 'DW60BB8925', 3, 2, '2025-07-27 09:42:49'),
	(338, 'SKS62E38EU', 3, 3, '2025-07-27 09:42:49'),
	(339, 'SMS44DW01T', 3, 3, '2025-07-27 09:42:49'),
	(340, 'SMS4ECW28E', 3, 3, '2025-07-27 09:42:49'),
	(341, 'SMS4HBI00N', 3, 3, '2025-07-27 09:42:49'),
	(342, 'SMS25AI05E', 3, 3, '2025-07-27 09:42:49'),
	(343, 'SMS6ECI11E', 3, 3, '2025-07-27 09:42:49'),
	(344, 'SMS6ECW05E', 3, 3, '2025-07-27 09:42:49'),
	(345, 'SMS67TI02B', 3, 3, '2025-07-27 09:42:49'),
	(346, 'SMS46NB01B', 3, 3, '2025-07-27 09:42:49'),
	(347, 'SPS4EKI60E', 3, 3, '2025-07-27 09:42:49'),
	(348, 'SMS44DI01T', 3, 3, '2025-07-27 09:42:49'),
	(349, 'SMS2ITI11E', 3, 3, '2025-07-27 09:42:49'),
	(350, 'SMS45DI10Q', 3, 3, '2025-07-27 09:42:49'),
	(351, 'SMS53L02ME', 3, 3, '2025-07-27 09:42:49'),
	(352, 'SMS46NW01B', 3, 3, '2025-07-27 09:42:49'),
	(353, 'SKS51E32EU', 3, 3, '2025-07-27 09:42:49'),
	(354, 'SMS46MW20M', 3, 3, '2025-07-27 09:42:49'),
	(355, 'SRS2IKW04E', 3, 3, '2025-07-27 09:42:49'),
	(356, 'SMS4HTI33E', 3, 3, '2025-07-27 09:42:49'),
	(357, 'SMS67TW02B', 3, 3, '2025-07-27 09:42:49'),
	(358, 'SMS6ZDI48E', 3, 3, '2025-07-27 09:42:49'),
	(359, 'SMS2HTI72Y', 3, 3, '2025-07-27 09:42:49'),
	(360, 'SMS2HCC48E', 3, 3, '2025-07-27 09:42:49'),
	(361, 'SMS2ITI04Y', 3, 3, '2025-07-27 09:42:49'),
	(362, 'SMS2ITI09E', 3, 3, '2025-07-27 09:42:49'),
	(363, 'SMS2HAW12Y', 3, 3, '2025-07-27 09:42:49'),
	(364, 'SMS2HAI12E', 3, 3, '2025-07-27 09:42:49'),
	(365, 'SMS4HBI48Y', 3, 3, '2025-07-27 09:42:49'),
	(366, 'SMS2HTW72Y', 3, 3, '2025-07-27 09:42:49'),
	(367, 'SRS2HKI59E', 3, 3, '2025-07-27 09:42:49'),
	(368, 'SMS2HAI00Y', 3, 3, '2025-07-27 09:42:49'),
	(369, 'SMS6ZCI08E', 3, 3, '2025-07-27 09:42:49'),
	(370, 'SMS4ECI26E', 3, 3, '2025-07-27 09:42:49'),
	(371, 'SMS4ECI28E', 3, 3, '2025-07-27 09:42:49'),
	(372, 'SMS4EKC06E', 3, 3, '2025-07-27 09:42:49'),
	(373, 'SMS4HCW48E', 3, 3, '2025-07-27 09:42:49'),
	(374, 'SMS4HCI19E', 3, 3, '2025-07-27 09:42:49'),
	(375, 'SMS2HVI02E', 3, 3, '2025-07-27 09:42:49'),
	(376, 'SMS2HVI72E', 3, 3, '2025-07-27 09:42:49'),
	(377, 'SMS2HKI04E', 3, 3, '2025-07-27 09:42:49'),
	(378, 'SMS2HKW04E', 3, 3, '2025-07-27 09:42:49'),
	(379, 'SKS51E38EU', 3, 3, '2025-07-27 09:42:49'),
	(380, 'SMS4HCC48E', 3, 3, '2025-07-27 09:42:49'),
	(381, 'SMS25AI07E', 3, 3, '2025-07-27 09:42:49'),
	(382, 'SMS43D08ME', 3, 3, '2025-07-27 09:42:49'),
	(383, 'SMS46NI01B', 3, 3, '2025-07-27 09:42:49'),
	(384, 'SPS4HKW49', 3, 3, '2025-07-27 09:42:49'),
	(385, 'SPS2IKI04E', 3, 3, '2025-07-27 09:42:49'),
	(386, 'SMS4HCW19', 3, 3, '2025-07-27 09:42:49'),
	(387, 'SMS4HVC03E', 3, 3, '2025-07-27 09:42:49'),
	(388, 'SMV2ITX09E', 3, 3, '2025-07-27 09:42:49'),
	(389, 'SMV6YAX02E', 3, 3, '2025-07-27 09:42:49'),
	(390, 'SBT8TB801E', 3, 3, '2025-07-27 09:42:49'),
	(391, 'SGI4HAS48E', 3, 3, '2025-07-27 09:42:49'),
	(392, 'SMV2HAX02E', 3, 3, '2025-07-27 09:42:49'),
	(393, 'SGS2ITW04E ', 3, 3, '2025-07-27 09:42:49'),
	(394, 'SPI2IKS10E', 3, 3, '2025-07-27 09:42:49'),
	(395, 'SPI2HKS59', 3, 3, '2025-07-27 09:42:49'),
	(396, 'SMI2ITS33', 3, 3, '2025-07-27 09:42:49'),
	(397, 'SPV4HKX45E', 3, 3, '2025-07-27 09:42:49'),
	(398, 'SPV4XM20E', 3, 3, '2025-07-27 09:42:49'),
	(399, 'SRV2HKX39E', 3, 3, '2025-07-27 09:42:49'),
	(400, 'SMV6ZCX07E', 3, 3, '2025-07-27 09:42:49'),
	(401, 'SGV4HVX31E', 3, 3, '2025-07-27 09:42:49'),
	(402, 'SMV24AX03E', 3, 3, '2025-07-27 09:42:49'),
	(403, 'SMV41D10EU', 3, 3, '2025-07-27 09:42:49'),
	(404, 'SMV4HBX19E', 3, 3, '2025-07-27 09:42:49'),
	(405, 'SMV4HBX00N', 3, 3, '2025-07-27 09:42:49'),
	(406, 'SMV4HTX03E', 3, 3, '2025-07-27 09:42:49'),
	(407, 'SMV4EB804E', 3, 3, '2025-07-27 09:42:49'),
	(408, 'SMV4EBX00N', 3, 3, '2025-07-27 09:42:49'),
	(409, 'SGV4HTX31E', 3, 3, '2025-07-27 09:42:49'),
	(410, 'SGV4HCX48E', 3, 3, '2025-07-27 09:42:49'),
	(411, 'SMV25AX00E', 3, 3, '2025-07-27 09:42:49'),
	(412, 'SGV4HAX48E', 3, 3, '2025-07-27 09:42:49'),
	(413, 'SMV4HB800E', 3, 3, '2025-07-27 09:42:49'),
	(414, 'SMI4HBS40E', 3, 3, '2025-07-27 09:42:49'),
	(415, 'SGV4HAX40E', 3, 3, '2025-07-27 09:42:49'),
	(416, 'SMV2ITX22E', 3, 3, '2025-07-27 09:42:49'),
	(417, 'SGV2ITX22E', 3, 3, '2025-07-27 09:42:49'),
	(418, 'SMV4HAX40', 3, 3, '2025-07-27 09:42:49'),
	(419, 'SMV4HAX08E', 3, 3, '2025-07-27 09:42:49'),
	(420, 'SMV4ECX26E', 3, 3, '2025-07-27 09:42:49'),
	(421, 'SMV4HXV31E', 3, 3, '2025-07-27 09:42:49'),
	(422, 'SKS50E42EU', 3, 3, '2025-07-27 09:42:49'),
	(423, 'SMV4HVX31E', 3, 3, '2025-07-27 09:42:49'),
	(424, 'SGV2HAX02E', 3, 3, '2025-07-27 09:42:49'),
	(425, 'SMI2ITS27E', 3, 3, '2025-07-27 09:42:49'),
	(426, 'SMI2ITB33E', 3, 3, '2025-07-27 09:42:49'),
	(427, 'SMI4HBS01D', 3, 3, '2025-07-27 09:42:49'),
	(428, 'SGI2ITS33E', 3, 3, '2025-07-27 09:42:49'),
	(429, 'SGV4HBX40E', 3, 3, '2025-07-27 09:42:49'),
	(430, 'SMI4HCS48E', 3, 3, '2025-07-27 09:42:49'),
	(431, 'SMV4HAX19E', 3, 3, '2025-07-27 09:42:49'),
	(432, 'SMV6ECX10E', 3, 3, '2025-07-27 09:42:49'),
	(433, 'SMV6ZDX49E', 3, 3, '2025-07-27 09:42:49'),
	(434, 'SMV6ZB806E', 3, 3, '2025-07-27 09:42:49'),
	(435, 'SMV4HBX40E', 3, 3, '2025-07-27 09:42:49'),
	(436, 'SMV4HDX52Y', 3, 3, '2025-07-27 09:42:49'),
	(437, 'SMV6ZCX00E', 3, 3, '2025-07-27 09:42:49'),
	(438, 'SMV4HAX21E', 3, 3, '2025-07-27 09:42:49'),
	(439, 'SMV4HAX48E', 3, 3, '2025-07-27 09:42:49'),
	(440, 'SMV4HCX48E', 3, 3, '2025-07-27 09:42:49'),
	(441, 'SMI4HAS19E', 3, 3, '2025-07-27 09:42:49'),
	(442, 'SMI4HAS48E', 3, 3, '2025-07-27 09:42:49'),
	(443, 'MS2535GIS', 4, 1, '2025-07-27 09:42:49'),
	(444, 'MS2535GISS', 4, 1, '2025-07-27 09:42:49'),
	(445, 'MS2535GISW', 4, 1, '2025-07-27 09:42:49'),
	(446, 'MH8235GIB', 4, 1, '2025-07-27 09:42:49'),
	(447, 'MH8235GIS', 4, 1, '2025-07-27 09:42:49'),
	(448, 'MS3032JAS', 4, 1, '2025-07-27 09:42:49'),
	(449, 'MS23A7013', 4, 2, '2025-07-27 09:42:49'),
	(450, 'MS23K3555', 4, 2, '2025-07-27 09:42:49'),
	(451, 'MS23T5018', 4, 2, '2025-07-27 09:42:49'),
	(452, 'MS23K3513', 4, 2, '2025-07-27 09:42:49'),
	(453, 'MS23DG4500', 4, 2, '2025-07-27 09:42:49'),
	(454, 'MS32DG4504', 4, 2, '2025-07-27 09:42:49'),
	(455, 'MS32DG4555GT', 4, 2, '2025-07-27 09:42:49'),
	(456, 'MS28J5215', 4, 2, '2025-07-27 09:42:49'),
	(457, 'ME6124', 4, 2, '2025-07-27 09:42:49'),
	(458, 'ME732K', 4, 2, '2025-07-27 09:42:49'),
	(459, 'ME87M', 4, 2, '2025-07-27 09:42:49'),
	(460, 'MG23A7013', 4, 2, '2025-07-27 09:42:49'),
	(461, 'MG32DG4524AT', 4, 2, '2025-07-27 09:42:49'),
	(462, 'MG32J5133', 4, 2, '2025-07-27 09:42:49'),
	(463, 'MC28M6035', 4, 2, '2025-07-27 09:42:49'),
	(464, 'MC28M6055', 4, 2, '2025-07-27 09:42:49'),
	(465, 'MC28A5125', 4, 2, '2025-07-27 09:42:49'),
	(466, 'MC32DG7646CK', 4, 2, '2025-07-27 09:42:49'),
	(467, 'MC32K7055', 4, 2, '2025-07-27 09:42:49'),
	(468, 'MC35J8088', 4, 2, '2025-07-27 09:42:49'),
	(469, 'T2K7055CMC', 4, 2, '2025-07-27 09:42:49'),
	(470, 'R209', 4, 4, '2025-07-27 09:42:49'),
	(471, 'R268', 4, 4, '2025-07-27 09:42:49'),
	(472, 'R703', 4, 4, '2025-07-27 09:42:49'),
	(473, 'R709', 4, 4, '2025-07-27 09:42:49'),
	(474, 'R-328FH', 4, 4, '2025-07-27 09:42:49'),
	(475, 'R93IZ/BS', 4, 4, '2025-07-27 09:42:49'),
	(476, 'R-327FH(S)', 4, 4, '2025-07-27 09:42:49'),
	(477, 'R-34IZ', 4, 4, '2025-07-27 09:42:49'),
	(478, 'REF', 1, 5, '2025-07-27 09:42:49'),
	(479, 'WM', 2, 5, '2025-07-27 09:42:49'),
	(480, 'DW', 3, 5, '2025-07-27 09:42:49'),
	(481, 'MWO', 4, 5, '2025-07-27 09:42:49');

-- Dumping structure for table lg.product_categories
CREATE TABLE IF NOT EXISTS `product_categories` (
  `id` int NOT NULL AUTO_INCREMENT,
  `category_code` varchar(10) NOT NULL,
  `created_at` timestamp NULL DEFAULT CURRENT_TIMESTAMP,
  PRIMARY KEY (`id`),
  UNIQUE KEY `category_code` (`category_code`)
) ENGINE=InnoDB AUTO_INCREMENT=5 DEFAULT CHARSET=utf8mb4 COLLATE=utf8mb4_0900_ai_ci;

-- Dumping data for table lg.product_categories: ~4 rows (approximately)
INSERT INTO `product_categories` (`id`, `category_code`, `created_at`) VALUES
	(1, 'REF', '2025-07-27 09:28:47'),
	(2, 'WM', '2025-07-27 09:28:47'),
	(3, 'DW', '2025-07-27 09:28:47'),
	(4, 'MWO', '2025-07-27 09:28:47');

-- Dumping structure for table lg.shops
CREATE TABLE IF NOT EXISTS `shops` (
  `id` int NOT NULL AUTO_INCREMENT,
  `shop_name` varchar(100) NOT NULL,
  `status` tinyint(1) DEFAULT '1',
  `created_at` timestamp NULL DEFAULT CURRENT_TIMESTAMP,
  PRIMARY KEY (`id`),
  UNIQUE KEY `shop_name` (`shop_name`)
) ENGINE=InnoDB AUTO_INCREMENT=165 DEFAULT CHARSET=utf8mb4 COLLATE=utf8mb4_0900_ai_ci;

-- Dumping data for table lg.shops: ~164 rows (approximately)
INSERT INTO `shops` (`id`, `shop_name`, `status`, `created_at`) VALUES
	(1, '100%', 1, '2025-07-27 08:36:45'),
	(2, '100% Hashmal', 0, '2025-07-27 08:36:45'),
	(3, '555 Electric', 1, '2025-07-27 08:36:45'),
	(4, 'A. Keter', 1, '2025-07-27 08:36:45'),
	(5, 'A.A', 1, '2025-07-27 08:36:45'),
	(6, 'A.B Colbo', 1, '2025-07-27 08:36:45'),
	(7, 'A.Hazan', 0, '2025-07-27 08:36:45'),
	(8, 'A.Hermesh', 0, '2025-07-27 08:36:45'),
	(9, 'AAA', 0, '2025-07-27 08:36:45'),
	(10, 'Abu Gosh', 1, '2025-07-27 08:36:45'),
	(11, 'Ace Electric ', 0, '2025-07-27 08:36:45'),
	(12, 'Adini', 1, '2025-07-27 08:36:45'),
	(13, 'Alamin', 1, '2025-07-27 08:36:45'),
	(14, 'Alanwar Makalde', 1, '2025-07-27 08:36:45'),
	(15, 'Alem Electric ', 1, '2025-07-27 08:36:45'),
	(16, 'All shop', 1, '2025-07-27 08:36:45'),
	(17, 'ALM', 1, '2025-07-27 08:36:45'),
	(18, 'ALM Digital', 0, '2025-07-27 08:36:45'),
	(19, 'Almog Electric', 1, '2025-07-27 08:36:45'),
	(20, 'Alon', 1, '2025-07-27 08:36:45'),
	(21, 'Amir hashmal ', 1, '2025-07-27 08:36:45'),
	(22, 'Amsalem', 1, '2025-07-27 08:36:45'),
	(23, 'Anak Hashmal (hamekarerim)', 1, '2025-07-27 08:36:45'),
	(24, 'Aristo', 1, '2025-07-27 08:36:45'),
	(25, 'Armagedon ', 1, '2025-07-27 08:36:45'),
	(26, 'Avi Sofer', 1, '2025-07-27 08:36:45'),
	(27, 'Azuri', 1, '2025-07-27 08:36:45'),
	(28, 'Barakat brothers', 1, '2025-07-27 08:36:45'),
	(29, 'Beir', 1, '2025-07-27 08:36:45'),
	(30, 'Beitan Yoram', 1, '2025-07-27 08:36:45'),
	(31, 'Ben Shlosh Moti ', 1, '2025-07-27 08:36:45'),
	(32, 'Ben zikri', 1, '2025-07-27 08:36:45'),
	(33, 'Benzi naim ', 1, '2025-07-27 08:36:45'),
	(34, 'Bestmobile & More', 0, '2025-07-27 08:36:45'),
	(35, 'Big (Kubi)', 1, '2025-07-27 08:36:45'),
	(36, 'Big Electric', 0, '2025-07-27 08:36:45'),
	(37, 'BIG SALE', 1, '2025-07-27 08:36:45'),
	(38, 'Borsa lHashmal ', 0, '2025-07-27 08:36:45'),
	(39, 'Bsharat', 1, '2025-07-27 08:36:45'),
	(40, 'Cell tec', 1, '2025-07-27 08:36:45'),
	(41, 'Cinema Plaza ', 1, '2025-07-27 08:36:45'),
	(42, 'Cinema Sound', 1, '2025-07-27 08:36:45'),
	(43, 'City Deal ', 1, '2025-07-27 08:36:45'),
	(44, 'Cohen', 1, '2025-07-27 08:36:45'),
	(45, 'Crazy Eddie', 1, '2025-07-27 08:36:45'),
	(46, 'Cross over', 1, '2025-07-27 08:36:45'),
	(47, 'D Mobile', 0, '2025-07-27 08:36:45'),
	(48, 'DAR electric', 1, '2025-07-27 08:36:45'),
	(49, 'Digital electric', 1, '2025-07-27 08:36:45'),
	(50, 'Edison', 1, '2025-07-27 08:36:45'),
	(51, 'Edward Meshial and Sons', 1, '2025-07-27 08:36:45'),
	(52, 'Eir (AAA)', 1, '2025-07-27 08:36:45'),
	(53, 'Eirat Hashmal', 1, '2025-07-27 08:36:45'),
	(54, 'Electric', 1, '2025-07-27 08:36:45'),
	(55, 'Electric Gvanim', 1, '2025-07-27 08:36:45'),
	(56, 'Electric Plus', 1, '2025-07-27 08:36:45'),
	(57, 'Electro Somar', 1, '2025-07-27 08:36:45'),
	(58, 'Elektro Somar', 1, '2025-07-27 08:36:45'),
	(59, 'Enigma ', 1, '2025-07-27 08:36:45'),
	(60, 'Future', 1, '2025-07-27 08:36:45'),
	(61, 'FuzeTel aviv', 0, '2025-07-27 08:36:45'),
	(62, 'Gal', 1, '2025-07-27 08:36:45'),
	(63, 'Galey kor', 1, '2025-07-27 08:36:45'),
	(64, 'Gali Kor ', 0, '2025-07-27 08:36:45'),
	(65, 'Gideon', 1, '2025-07-27 08:36:45'),
	(66, 'Gili Leo', 0, '2025-07-27 08:36:45'),
	(67, 'H.S.H markting ', 0, '2025-07-27 08:36:45'),
	(68, 'Hachim Bareket ', 1, '2025-07-27 08:36:45'),
	(69, 'Hadad', 1, '2025-07-27 08:36:45'),
	(70, 'Haim Rosen', 1, '2025-07-27 08:36:45'),
	(71, 'Hamerkaz Leodfei Hashmal', 0, '2025-07-27 08:36:45'),
	(72, 'Hashmal Hakeren', 1, '2025-07-27 08:36:45'),
	(73, 'Hashmal Iraqi ', 1, '2025-07-27 08:36:45'),
	(74, 'Hashmal Neto ', 0, '2025-07-27 08:36:45'),
	(75, 'Hashmal Yusef', 1, '2025-07-27 08:36:45'),
	(76, 'Hatzi Hinam', 0, '2025-07-27 08:36:45'),
	(77, 'Hay Center', 1, '2025-07-27 08:36:45'),
	(78, 'Hiam Rozen ', 0, '2025-07-27 08:36:45'),
	(79, 'Home Electric', 1, '2025-07-27 08:36:45'),
	(80, 'HYE Experience', 1, '2025-07-27 08:36:45'),
	(81, 'I electric', 0, '2025-07-27 08:36:45'),
	(82, 'Insale', 0, '2025-07-27 08:36:45'),
	(83, 'KAZAZ', 1, '2025-07-27 08:36:45'),
	(84, 'Kolbo Akhim Samara', 1, '2025-07-27 08:36:45'),
	(85, 'Kubiz', 1, '2025-07-27 08:36:45'),
	(86, 'L.G.A Hasharon', 1, '2025-07-27 08:36:45'),
	(87, 'Lasitonahi', 0, '2025-07-27 08:36:45'),
	(88, 'Last price', 0, '2025-07-27 08:36:45'),
	(89, 'Legasi Audio ', 1, '2025-07-27 08:36:45'),
	(90, 'Lekolam', 1, '2025-07-27 08:36:45'),
	(91, 'Liam Electric', 0, '2025-07-27 08:36:45'),
	(92, 'Light Electric', 1, '2025-07-27 08:36:45'),
	(93, 'Lior', 1, '2025-07-27 08:36:45'),
	(94, 'Lzarchan', 1, '2025-07-27 08:36:45'),
	(95, 'Maagarei', 1, '2025-07-27 08:36:45'),
	(96, 'Magdala', 1, '2025-07-27 08:36:45'),
	(97, 'Maor HaGalil', 1, '2025-07-27 08:36:45'),
	(98, 'Merkaz (Smart)', 1, '2025-07-27 08:36:45'),
	(99, 'Merkaz (Ten)', 0, '2025-07-27 08:36:45'),
	(100, 'Metro', 0, '2025-07-27 08:36:45'),
	(101, 'MH', 1, '2025-07-27 08:36:45'),
	(102, 'MH Sgula', 0, '2025-07-27 08:36:45'),
	(103, 'Mini zol ', 1, '2025-07-27 08:36:45'),
	(104, 'Motkal', 1, '2025-07-27 08:36:45'),
	(105, 'Nabil Salman and Sons', 1, '2025-07-27 08:36:45'),
	(106, 'Net Electric', 1, '2025-07-27 08:36:45'),
	(107, 'Neto', 1, '2025-07-27 08:36:45'),
	(108, 'Olam Hakolnoa', 1, '2025-07-27 08:36:45'),
	(109, 'Otzma', 0, '2025-07-27 08:36:45'),
	(110, 'Petcom', 1, '2025-07-27 08:36:45'),
	(111, 'Pompa', 0, '2025-07-27 08:36:45'),
	(112, 'PR', 1, '2025-07-27 08:36:45'),
	(113, 'PR premium', 1, '2025-07-27 08:36:45'),
	(114, 'Qarim Center', 1, '2025-07-27 08:36:45'),
	(115, 'Radio Oron', 1, '2025-07-27 08:36:45'),
	(116, 'Rami', 1, '2025-07-27 08:36:45'),
	(117, 'Rohana', 1, '2025-07-27 08:36:45'),
	(118, 'Rosenfeld', 1, '2025-07-27 08:36:45'),
	(119, 'RP', 0, '2025-07-27 08:36:45'),
	(120, 'Rubi Hashmal', 1, '2025-07-27 08:36:45'),
	(121, 'Rudi', 1, '2025-07-27 08:36:45'),
	(122, 'S.A.P', 1, '2025-07-27 08:36:45'),
	(123, 'S.M Havish ', 1, '2025-07-27 08:36:45'),
	(124, 'Sah El Num', 1, '2025-07-27 08:36:45'),
	(125, 'Said Malham', 1, '2025-07-27 08:36:45'),
	(126, 'Salon adiv', 1, '2025-07-27 08:36:45'),
	(127, 'Salon Anan', 1, '2025-07-27 08:36:45'),
	(128, 'Salon Efi', 1, '2025-07-27 08:36:45'),
	(129, 'Salon Halalit', 1, '2025-07-27 08:36:45'),
	(130, 'Salon Hashron', 0, '2025-07-27 08:36:45'),
	(131, 'Salon Jerusalem', 1, '2025-07-27 08:36:45'),
	(132, 'Samgal ', 0, '2025-07-27 08:36:45'),
	(133, 'Sami', 1, '2025-07-27 08:36:45'),
	(134, 'San center', 1, '2025-07-27 08:36:45'),
	(135, 'Sanad', 1, '2025-07-27 08:36:45'),
	(136, 'SAVOY', 1, '2025-07-27 08:36:45'),
	(137, 'Segev electric', 1, '2025-07-27 08:36:45'),
	(138, 'Seriuos ', 1, '2025-07-27 08:36:45'),
	(139, 'Set Carmiel', 1, '2025-07-27 08:36:45'),
	(140, 'Shalter', 1, '2025-07-27 08:36:45'),
	(141, 'Shalter - New (Eli Horovitz ST.)', 0, '2025-07-27 08:36:45'),
	(142, 'Shekem', 1, '2025-07-27 08:36:45'),
	(143, 'Shir Electric ', 1, '2025-07-27 08:36:45'),
	(144, 'Smart', 1, '2025-07-27 08:36:45'),
	(145, 'Sohail Damoni', 1, '2025-07-27 08:36:45'),
	(146, 'Stereo Shop ', 1, '2025-07-27 08:36:45'),
	(147, 'Stereo Star Shop ', 1, '2025-07-27 08:36:45'),
	(148, 'Style', 0, '2025-07-27 08:36:45'),
	(149, 'Sultan', 0, '2025-07-27 08:36:45'),
	(150, 'Super', 1, '2025-07-27 08:36:45'),
	(151, 'Super Avi ', 1, '2025-07-27 08:36:45'),
	(152, 'Super Glory', 1, '2025-07-27 08:36:45'),
	(153, 'Telron', 1, '2025-07-27 08:36:45'),
	(154, 'Telstar', 1, '2025-07-27 08:36:45'),
	(155, 'Tetron', 0, '2025-07-27 08:36:45'),
	(156, 'Tiv Hachashmal ', 0, '2025-07-27 08:36:45'),
	(157, 'Top Audio', 1, '2025-07-27 08:36:45'),
	(158, 'Top cinema', 0, '2025-07-27 08:36:45'),
	(159, 'Traklin', 1, '2025-07-27 08:36:45'),
	(160, 'Traklin (Metro)', 0, '2025-07-27 08:36:45'),
	(161, 'Twizer', 1, '2025-07-27 08:36:45'),
	(162, 'Tyson Electric', 1, '2025-07-27 08:36:45'),
	(163, 'Zik Or', 1, '2025-07-27 08:36:45'),
	(164, 'Zoreff', 0, '2025-07-27 08:36:45');

-- Dumping structure for table lg.users
CREATE TABLE IF NOT EXISTS `users` (
  `id` int NOT NULL AUTO_INCREMENT,
  `name` varchar(100) NOT NULL,
  `created_at` timestamp NULL DEFAULT CURRENT_TIMESTAMP,
  `updated_at` timestamp NULL DEFAULT CURRENT_TIMESTAMP ON UPDATE CURRENT_TIMESTAMP,
  PRIMARY KEY (`id`)
) ENGINE=InnoDB AUTO_INCREMENT=2 DEFAULT CHARSET=utf8mb4 COLLATE=utf8mb4_0900_ai_ci;

-- Dumping data for table lg.users: ~1 rows (approximately)
INSERT INTO `users` (`id`, `name`, `created_at`, `updated_at`) VALUES
	(1, 'Elishay', '2025-07-27 12:12:34', '2025-07-27 12:37:17');

/*!40103 SET TIME_ZONE=IFNULL(@OLD_TIME_ZONE, 'system') */;
/*!40101 SET SQL_MODE=IFNULL(@OLD_SQL_MODE, '') */;
/*!40014 SET FOREIGN_KEY_CHECKS=IFNULL(@OLD_FOREIGN_KEY_CHECKS, 1) */;
/*!40101 SET CHARACTER_SET_CLIENT=@OLD_CHARACTER_SET_CLIENT */;
/*!40111 SET SQL_NOTES=IFNULL(@OLD_SQL_NOTES, 1) */;
